City_ID,City,Country,Date,Lat,Lng,Max Temp,Humidity,Cloudiness,Wind Speed
0,Pevek,RU,2020-06-17 19:02:13,69.7,170.31,44.55,63,95,5.64
1,Shimoda,JP,2020-06-17 19:02:13,34.67,138.95,64.0,93,100,5.7
2,Husavik,IS,2020-06-17 18:57:45,66.04,-17.34,55.4,58,10,9.17
3,Fairbanks,US,2020-06-17 19:00:02,64.84,-147.72,70.0,45,20,2.84
4,Avarua,CK,2020-06-17 19:02:13,-21.21,-159.78,71.6,68,13,9.17
5,Tura,IN,2020-06-17 19:02:14,25.52,90.22,75.07,98,100,7.9
6,Hilo,US,2020-06-17 19:02:14,19.73,-155.09,75.2,73,90,3.36
7,East London,ZA,2020-06-17 18:57:22,-33.02,27.91,62.2,75,0,13.49
8,Hermanus,ZA,2020-06-17 19:02:14,-34.42,19.23,61.74,49,0,5.59
9,Ushuaia,AR,2020-06-17 18:58:54,-54.8,-68.3,39.2,69,40,0.89
10,Krasnoselkup,RU,2020-06-17 19:02:15,65.7,82.47,40.66,70,100,2.68
11,Dikson,RU,2020-06-17 19:02:15,73.51,80.55,32.94,92,94,1.19
12,Longyearbyen,SJ,2020-06-17 18:58:34,78.22,15.64,39.2,76,20,4.7
13,Iqaluit,CA,2020-06-17 19:02:15,63.75,-68.51,41.0,65,75,12.75
14,Tiznit,MA,2020-06-17 19:02:16,29.58,-9.5,72.43,45,23,7.31
15,Kapaa,US,2020-06-17 19:02:16,22.08,-159.32,78.01,83,75,8.05
16,Westport,US,2020-06-17 18:59:05,41.14,-73.36,73.4,56,90,14.99
17,Zavyalovo,RU,2020-06-17 19:02:16,54.51,82.45,53.6,87,8,2.24
18,Arraial Do Cabo,BR,2020-06-17 19:01:26,-22.97,-42.03,75.2,69,40,16.11
19,Pali,IN,2020-06-17 19:02:17,25.77,73.33,95.11,37,12,19.13
20,Asau,RO,2020-06-17 19:02:17,46.43,26.4,62.01,93,58,1.95
21,Vaini,TO,2020-06-17 18:59:56,-21.2,-175.2,69.8,83,75,8.05
22,Chuy,UY,2020-06-17 18:57:46,-33.7,-53.46,70.65,72,100,10.22
23,Avera,US,2020-06-17 18:57:31,33.19,-82.53,75.2,57,90,3.36
24,Bredasdorp,ZA,2020-06-17 19:02:18,-34.53,20.04,50.0,87,0,3.78
25,Natchitoches,US,2020-06-17 19:02:18,31.77,-93.13,89.6,46,1,3.24
26,Abha,SA,2020-06-17 19:02:18,18.22,42.51,78.8,50,40,5.44
27,Puerto Del Rosario,ES,2020-06-17 19:02:19,28.5,-13.86,75.2,73,20,4.7
28,Isangel,VU,2020-06-17 19:02:19,-19.55,169.27,71.6,83,20,9.17
29,Mataura,NZ,2020-06-17 19:02:19,-46.19,168.86,39.0,83,18,3.0
30,Fortuna,US,2020-06-17 19:02:19,40.6,-124.16,64.99,68,20,14.99
31,Busselton,AU,2020-06-17 19:02:19,-33.65,115.33,53.01,53,14,18.54
32,Beringovskiy,RU,2020-06-17 19:02:20,63.05,179.32,48.99,66,0,1.32
33,Mirnyy,RU,2020-06-17 19:01:47,62.54,113.96,51.8,81,100,6.71
34,Barrow,US,2020-06-17 19:00:05,71.29,-156.79,39.2,80,90,11.41
35,Loudeac,FR,2020-06-17 19:02:21,48.18,-2.75,59.0,93,100,3.36
36,Thompson,CA,2020-06-17 19:02:21,55.74,-97.86,42.8,93,90,19.46
37,New Norfolk,AU,2020-06-17 19:00:24,-42.78,147.06,33.01,88,0,2.33
38,Mar Del Plata,AR,2020-06-17 19:02:21,-38.0,-57.56,64.4,100,90,6.93
39,Asfi,MA,2020-06-17 18:58:16,32.3,-9.24,71.06,73,100,17.67
40,Albany,US,2020-06-17 19:02:22,42.6,-73.97,86.0,29,0,2.71
41,Odienne,CI,2020-06-17 19:02:22,9.51,-7.57,78.44,81,7,6.24
42,Frumusita,RO,2020-06-17 19:02:22,45.67,28.07,67.96,81,93,7.81
43,Provideniya,RU,2020-06-17 19:02:22,64.38,-173.3,55.56,56,78,4.18
44,Cayenne,GF,2020-06-17 18:59:17,4.93,-52.33,80.6,88,87,3.36
45,Carnarvon,AU,2020-06-17 19:02:23,-24.87,113.63,68.0,100,40,5.82
46,Sao Felix Do Xingu,BR,2020-06-17 19:00:20,-6.64,-51.99,86.22,56,54,5.14
47,Poya,NC,2020-06-17 19:02:23,-21.35,165.15,67.95,79,54,4.88
48,Port Augusta,AU,2020-06-17 19:02:23,-32.5,137.77,48.0,93,0,6.93
49,Yulara,AU,2020-06-17 19:02:24,-25.24,130.99,44.6,42,0,6.93
50,Talnakh,RU,2020-06-17 19:02:24,69.49,88.4,37.4,93,100,8.95
51,Tommot,RU,2020-06-17 19:02:24,58.96,126.29,56.26,63,60,1.52
52,Payakumbuh,ID,2020-06-17 19:02:24,-0.22,100.63,69.67,88,43,1.88
53,Rikitea,PF,2020-06-17 19:02:25,-23.12,-134.97,75.61,77,27,18.68
54,Punta Arenas,CL,2020-06-17 19:02:25,-53.15,-70.92,33.8,78,20,9.17
55,Hithadhoo,MV,2020-06-17 18:57:28,-0.6,73.08,84.42,74,63,7.83
56,Aguimes,ES,2020-06-17 19:02:25,27.91,-15.45,73.4,83,75,6.93
57,Upernavik,GL,2020-06-17 18:57:42,72.79,-56.15,34.92,86,0,4.25
58,Katsuura,JP,2020-06-17 19:02:26,35.13,140.3,69.8,88,75,9.17
59,Lima,PE,2020-06-17 19:00:43,-12.04,-77.03,68.0,68,90,11.41
60,Khash,IR,2020-06-17 19:02:26,28.22,61.22,80.91,15,0,4.36
61,Vestmanna,FO,2020-06-17 19:02:26,62.16,-7.17,50.0,87,100,11.41
62,Caxito,AO,2020-06-17 19:02:26,-8.58,13.66,73.4,88,20,6.93
63,Birjand,IR,2020-06-17 19:02:27,32.87,59.22,82.4,12,0,11.41
64,Ribeira Grande,PT,2020-06-17 19:01:14,38.52,-28.7,68.0,72,40,9.17
65,San Cristobal,VE,2020-06-17 19:02:27,7.77,-72.22,87.8,55,40,14.99
66,Leshukonskoye,RU,2020-06-17 19:02:27,64.9,45.76,43.11,70,0,5.23
67,Puerto Ayora,EC,2020-06-17 19:00:09,-0.74,-90.35,73.4,83,75,16.11
68,Saint-Francois,FR,2020-06-17 19:02:28,46.42,3.91,66.2,59,20,3.36
69,Rio Grande,BR,2020-06-17 18:59:43,-32.03,-52.1,80.6,54,99,12.75
70,Udachnyy,RU,2020-06-17 19:02:28,66.42,112.4,51.8,53,0,4.47
71,Saldanha,ZA,2020-06-17 18:59:18,-33.01,17.94,59.0,51,0,5.82
72,Kabanjahe,ID,2020-06-17 19:02:28,3.1,98.49,75.2,100,40,8.05
73,Hobart,AU,2020-06-17 19:00:23,-42.88,147.33,36.0,83,0,8.05
74,Jamestown,US,2020-06-17 19:02:29,42.1,-79.24,78.01,44,1,8.05
75,Pryazha,RU,2020-06-17 19:02:29,61.69,33.62,64.4,55,0,5.08
76,Tasiilaq,GL,2020-06-17 19:02:29,65.61,-37.64,39.2,86,75,29.97
77,Terrasini,IT,2020-06-17 19:02:29,38.15,13.08,73.0,78,0,5.82
78,Vila Do Maio,CV,2020-06-17 19:02:29,15.13,-23.22,84.2,66,0,10.29
79,Castro,BR,2020-06-17 19:00:05,-24.79,-50.01,67.42,68,0,8.32
80,Komsomolskiy,UZ,2020-06-17 19:02:30,40.43,71.72,69.8,43,0,4.7
81,Georgetown,MY,2020-06-17 19:02:30,5.41,100.34,82.4,88,40,5.82
82,Eydhafushi,MV,2020-06-17 19:02:30,5.1,73.07,84.24,80,100,12.19
83,Ust-Shonosha,RU,2020-06-17 19:02:31,61.15,41.34,51.87,57,0,5.44
84,Inyonga,TZ,2020-06-17 19:02:31,-6.72,32.07,63.79,45,0,4.72
85,Khandyga,RU,2020-06-17 19:02:31,62.67,135.6,57.83,62,0,0.25
86,Ormond Beach,US,2020-06-17 18:59:54,29.29,-81.06,82.4,69,40,9.17
87,Jinchang,CN,2020-06-17 19:02:31,38.5,102.17,72.25,22,0,7.78
88,Port Lincoln,AU,2020-06-17 19:02:32,-34.73,135.87,55.9,62,0,17.4
89,Salta,AR,2020-06-17 18:59:20,-24.79,-65.41,84.2,25,4,8.05
90,Cape Town,ZA,2020-06-17 19:00:20,-33.93,18.42,53.01,81,0,1.12
91,Frankfort,ZA,2020-06-17 19:02:32,-27.27,28.48,40.84,85,58,7.76
92,Cortes,ES,2020-06-17 19:02:32,41.94,-1.44,73.4,40,93,16.11
93,Tuktoyaktuk,CA,2020-06-17 19:02:33,69.45,-133.04,48.2,87,90,5.82
94,Chapleau,CA,2020-06-17 19:02:33,47.84,-83.4,84.2,28,20,8.05
95,Huarmey,PE,2020-06-17 19:02:33,-10.07,-78.15,70.43,63,0,13.53
96,Zimmi,SL,2020-06-17 19:02:33,7.32,-11.31,76.42,95,100,2.95
97,Souillac,MU,2020-06-17 19:02:33,-20.52,57.52,71.6,88,75,18.34
98,Anadyr,RU,2020-06-17 19:02:34,64.75,177.48,59.0,62,20,2.24
99,Kawalu,ID,2020-06-17 19:02:34,-7.38,108.21,71.92,92,100,0.49
100,Port-Cartier,CA,2020-06-17 19:02:34,50.03,-66.87,75.2,38,75,9.17
101,Saint-Leu,RE,2020-06-17 19:02:35,-21.15,55.28,69.8,82,75,25.28
102,Sao Joao Da Barra,BR,2020-06-17 19:01:31,-21.64,-41.05,77.0,57,40,17.22
103,Acapulco,MX,2020-06-17 19:02:35,16.86,-99.89,91.4,66,5,10.29
104,Clyde River,CA,2020-06-17 18:58:08,70.47,-68.59,35.6,93,90,6.93
105,Talcahuano,CL,2020-06-17 18:59:50,-36.72,-73.12,53.6,93,90,5.82
106,Bluff,NZ,2020-06-17 18:57:41,-46.6,168.33,39.0,83,9,3.0
107,Comodoro Rivadavia,AR,2020-06-17 18:58:12,-45.87,-67.5,50.0,76,100,4.7
108,Norman Wells,CA,2020-06-17 19:02:36,65.28,-126.83,73.4,49,20,13.87
109,Vila Franca Do Campo,PT,2020-06-17 19:02:36,37.72,-25.43,66.2,72,20,20.8
110,Luderitz,NA,2020-06-17 19:02:36,-26.65,15.16,69.98,23,0,7.85
111,Ararat,AM,2020-06-17 19:02:37,39.83,44.7,69.8,56,75,9.17
112,Butaritari,KI,2020-06-17 19:02:37,3.07,172.79,82.47,77,20,14.52
113,Nome,US,2020-06-17 18:59:10,64.5,-165.41,69.01,63,1,4.7
114,Port Alfred,ZA,2020-06-17 19:02:38,-33.59,26.89,55.0,86,0,4.0
115,Ostersund,SE,2020-06-17 19:02:38,63.18,14.64,57.2,100,100,4.7
116,Chokurdakh,RU,2020-06-17 18:59:57,70.63,147.92,65.07,48,48,9.91
117,Cabo San Lucas,MX,2020-06-17 19:02:39,22.89,-109.91,89.6,52,5,3.36
118,Karratha,AU,2020-06-17 19:01:19,-20.74,116.85,67.84,70,0,3.85
119,Saint Anthony,US,2020-06-17 19:02:39,45.02,-93.22,88.0,38,1,13.87
120,Tahe,CN,2020-06-17 19:02:39,52.33,124.73,45.66,89,0,1.79
121,Tiksi,RU,2020-06-17 18:58:25,71.69,128.87,48.92,91,100,5.95
122,Lixourion,GR,2020-06-17 19:02:40,38.2,20.43,75.2,60,20,5.82
123,Marsh Harbour,BS,2020-06-17 18:58:22,26.54,-77.06,80.06,77,66,12.91
124,Caravelas,BR,2020-06-17 19:02:41,-17.71,-39.25,74.35,69,5,10.02
125,Jasper,US,2020-06-17 19:02:41,37.2,-94.35,86.0,51,20,12.75
126,Qaanaaq,GL,2020-06-17 19:02:42,77.48,-69.36,33.53,90,38,3.09
127,Kinna,SE,2020-06-17 19:02:42,57.51,12.69,66.2,68,75,5.82
128,Erzin,TR,2020-06-17 19:02:42,36.96,36.2,75.0,84,0,0.69
129,Lorengau,PG,2020-06-17 19:02:42,-2.02,147.27,80.58,77,14,6.11
130,Nizhniy Kuranakh,RU,2020-06-17 19:02:43,58.84,125.49,52.41,88,0,1.32
131,Lincoln,US,2020-06-17 19:02:26,40.8,-96.67,91.4,41,1,20.8
132,Cidreira,BR,2020-06-17 18:58:47,-30.18,-50.21,66.92,81,24,10.63
133,Sobolevo,RU,2020-06-17 19:02:43,54.43,31.9,65.55,83,0,6.82
134,Lerwick,GB,2020-06-17 19:02:43,60.15,-1.15,55.4,87,99,3.36
135,Hasaki,JP,2020-06-17 19:02:43,35.73,140.83,66.2,93,75,8.05
136,Tawang,IN,2020-06-17 19:02:44,27.58,91.87,59.4,81,100,1.01
137,Micheweni,TZ,2020-06-17 19:02:44,-4.97,39.83,78.37,70,95,16.28
138,Lavrentiya,RU,2020-06-17 19:02:44,65.58,-171.0,48.2,67,0,3.42
139,Mumford,GH,2020-06-17 19:02:44,5.26,-0.76,78.57,86,93,15.41
140,Bambous Virieux,MU,2020-06-17 19:02:44,-20.34,57.76,71.6,88,75,18.34
141,Kodiak,US,2020-06-17 19:02:45,57.79,-152.41,50.0,93,90,16.11
142,Atuona,PF,2020-06-17 19:02:45,-9.8,-139.03,80.47,71,0,15.61
143,Airai,TL,2020-06-17 19:02:45,-8.93,125.41,55.53,100,27,4.79
144,Bengkulu,ID,2020-06-17 19:02:46,-3.8,102.27,77.36,85,96,4.03
145,Kruisfontein,ZA,2020-06-17 19:02:46,-34.0,24.73,53.37,43,0,4.43
146,Klaksvik,FO,2020-06-17 19:02:46,62.23,-6.59,50.0,87,93,11.41
147,Olivenza,ES,2020-06-17 19:02:46,38.68,-7.1,78.8,34,0,12.75
148,Porangatu,BR,2020-06-17 19:02:46,-13.44,-49.15,85.51,34,0,8.84
149,Nador,MA,2020-06-17 18:59:18,35.17,-2.93,80.6,44,68,10.29
150,Christchurch,NZ,2020-06-17 18:59:08,-43.53,172.63,46.99,100,100,10.29
151,Sabha,LY,2020-06-17 19:02:47,27.04,14.43,83.77,13,0,9.91
152,Khatanga,RU,2020-06-17 19:02:47,71.97,102.5,48.52,72,100,2.84
153,Podor,MR,2020-06-17 19:02:48,16.65,-14.96,107.6,23,90,13.38
154,Severo-Kurilsk,RU,2020-06-17 19:02:48,50.68,156.12,42.26,90,100,8.19
155,Olafsvik,IS,2020-06-17 19:02:48,64.89,-23.71,48.27,78,100,7.63
156,Auki,SB,2020-06-17 19:02:48,-8.77,160.7,77.81,85,50,3.02
157,Namibe,AO,2020-06-17 19:02:48,-15.2,12.15,70.95,67,0,3.8
158,Mezen,RU,2020-06-17 19:02:48,65.85,44.24,39.63,79,2,4.27
159,Aklavik,CA,2020-06-17 19:02:49,68.22,-135.01,59.0,67,40,8.05
160,Revda,RU,2020-06-17 19:02:49,56.8,59.93,57.2,67,40,6.71
161,Ishigaki,JP,2020-06-17 19:02:49,24.34,124.16,83.8,83,69,21.27
162,Nueve De Julio,AR,2020-06-17 19:02:49,-35.44,-60.88,73.0,75,100,4.0
163,Dingle,PH,2020-06-17 19:02:50,11.0,122.67,77.83,81,100,3.13
164,Yar-Sale,RU,2020-06-17 19:02:50,66.83,70.83,40.17,70,87,9.55
165,Hirara,JP,2020-06-17 19:02:50,24.8,125.28,83.89,85,100,21.16
166,Bumbuna,SL,2020-06-17 19:02:50,9.05,-11.73,77.94,91,3,3.96
167,Kharan,PK,2020-06-17 19:02:50,28.58,65.42,92.59,10,0,4.05
168,Naze,JP,2020-06-17 19:02:51,28.37,129.48,78.8,100,100,9.17
169,Harer,ET,2020-06-17 19:02:51,9.31,42.13,60.58,93,72,5.55
170,Grand-Santi,GF,2020-06-17 19:02:51,4.25,-54.38,82.18,90,100,3.02
171,Padang,ID,2020-06-17 19:02:51,-0.95,100.35,78.1,79,52,5.23
172,Grindavik,IS,2020-06-17 19:02:51,63.84,-22.43,48.2,76,75,16.11
173,Waipawa,NZ,2020-06-17 19:02:20,-41.41,175.52,53.01,100,100,12.75
174,Krasnyy Yar,RU,2020-06-17 19:02:52,46.53,48.35,73.4,46,88,4.47
175,Nikolskoye,RU,2020-06-17 19:02:52,59.7,30.79,75.2,64,20,6.71
176,Yellowknife,CA,2020-06-17 19:02:52,62.46,-114.35,57.99,50,40,10.29
177,Loubomo,CG,2020-06-17 19:02:52,-4.2,12.67,71.51,88,98,3.29
178,Urumqi,CN,2020-06-17 19:02:53,43.8,87.6,73.4,46,58,8.95
179,Borgarnes,IS,2020-06-17 19:02:53,64.54,-21.92,57.0,66,100,9.17
180,Ponta Do Sol,PT,2020-06-17 19:02:28,32.67,-17.1,73.0,72,40,6.93
181,Takoradi,GH,2020-06-17 19:02:54,4.88,-1.76,78.01,86,68,13.76
182,Bentiu,SS,2020-06-17 19:02:54,9.23,29.83,78.03,73,100,6.15
183,Basco,PH,2020-06-17 19:02:55,20.45,121.97,84.07,80,100,17.67
184,Monrovia,LR,2020-06-17 19:02:55,6.3,-10.8,78.98,88,38,12.48
185,Bubaque,GW,2020-06-17 19:02:55,11.28,-15.83,80.38,87,0,15.73
186,Soyo,AO,2020-06-17 19:02:55,-6.13,12.37,73.92,87,88,6.51
187,Sawtell,AU,2020-06-17 19:02:56,-30.38,153.1,63.0,88,75,14.99
188,Mersing,MY,2020-06-17 19:02:56,2.43,103.84,75.2,94,41,5.82
189,Mahebourg,MU,2020-06-17 19:02:56,-20.41,57.7,71.6,88,75,18.34
190,Pochutla,MX,2020-06-17 19:02:56,15.74,-96.47,88.0,62,40,8.41
191,Egvekinot,RU,2020-06-17 19:02:56,66.32,-179.17,56.53,40,59,1.74
192,Syasstroy,RU,2020-06-17 19:02:57,60.14,32.57,65.89,91,46,5.79
193,The Valley,AI,2020-06-17 19:02:57,18.22,-63.06,89.6,58,20,17.22
194,Jining,CN,2020-06-17 19:02:57,35.41,116.58,65.05,90,100,6.08
195,Flin Flon,CA,2020-06-17 19:02:32,54.77,-101.86,44.6,93,90,16.11
196,Tessalit,ML,2020-06-17 19:02:57,20.2,1.01,104.27,7,0,11.65
197,Sao Filipe,CV,2020-06-17 19:02:58,14.9,-24.5,76.91,77,0,11.65
198,Minab,IR,2020-06-17 19:02:58,27.15,57.08,91.4,79,0,9.17
199,Ternate,ID,2020-06-17 19:02:58,0.8,127.4,81.12,75,42,5.39
200,Pointe-Noire,CG,2020-06-17 19:02:58,-4.78,11.86,75.2,88,20,3.36
201,Merauke,ID,2020-06-17 19:02:59,-8.47,140.33,77.05,86,25,15.64
202,Porto Novo,BJ,2020-06-17 19:02:59,6.5,2.6,80.6,83,40,16.11
203,Nanortalik,GL,2020-06-17 19:01:18,60.14,-45.24,39.22,76,100,10.42
204,Arman,RU,2020-06-17 19:02:28,59.7,150.17,48.81,80,0,2.37
205,Genhe,CN,2020-06-17 19:02:59,50.78,121.52,50.05,87,87,3.42
206,Vardo,NO,2020-06-17 18:59:03,70.37,31.11,44.6,75,22,11.41
207,Lebu,CL,2020-06-17 19:01:15,-37.62,-73.65,54.0,85,0,10.92
208,San Antonio,US,2020-06-17 19:00:25,29.42,-98.49,89.01,52,40,13.87
209,Rawson,AR,2020-06-17 19:01:31,-43.3,-65.1,59.41,42,85,12.71
210,Klenovyy,UA,2020-06-17 19:03:00,48.12,39.46,70.84,47,100,5.88
211,La Rochelle,FR,2020-06-17 19:03:01,46.17,-1.15,62.6,72,75,13.87
212,Port Hardy,CA,2020-06-17 19:02:20,50.7,-127.42,57.2,82,75,6.93
213,Kununurra,AU,2020-06-17 19:03:01,-15.77,128.73,71.6,44,0,6.93
214,San Andres,CO,2020-06-17 18:59:50,12.58,-81.7,87.8,79,40,10.29
215,Karatsu,JP,2020-06-17 19:03:01,33.44,129.97,64.99,94,100,5.99
216,Roma,US,2020-06-17 19:03:01,43.21,-75.46,84.0,30,1,10.29
217,Portland,US,2020-06-17 18:59:23,45.52,-122.68,66.0,59,75,4.7
218,Aykhal,RU,2020-06-17 19:03:02,66.0,111.5,51.8,53,0,4.47
219,Oum Hadjer,TD,2020-06-17 19:03:02,13.3,19.7,87.22,48,2,14.12
220,Raga,SS,2020-06-17 19:03:02,8.46,25.68,71.76,92,100,5.01
221,Namatanai,PG,2020-06-17 19:03:03,-3.67,152.43,78.55,83,2,7.18
222,Torbay,CA,2020-06-17 19:03:03,47.67,-52.73,75.2,33,75,23.04
223,Cotonou,BJ,2020-06-17 19:03:03,6.37,2.42,80.6,83,40,16.11
224,Paracuru,BR,2020-06-17 19:03:03,-3.41,-39.03,78.01,81,4,4.0
225,Hofn,IS,2020-06-17 19:00:01,64.25,-15.21,49.6,64,0,7.65
226,Kalmar,SE,2020-06-17 19:03:03,56.66,16.36,62.6,77,0,5.82
227,Chapais,CA,2020-06-17 19:03:04,49.78,-74.85,82.4,42,1,13.87
228,Kaitangata,NZ,2020-06-17 19:03:04,-46.28,169.85,43.0,71,20,5.01
229,Jiuquan,CN,2020-06-17 19:02:06,39.74,98.52,72.34,20,100,7.78
230,Fonte Boa,BR,2020-06-17 19:03:04,-2.5,-66.27,86.72,61,87,3.78
231,Poum,NC,2020-06-17 18:58:11,-20.23,164.02,73.26,77,100,17.18
232,Mikhaylovka,RU,2020-06-17 19:03:05,50.06,43.24,67.84,52,0,9.17
233,Luoyang,CN,2020-06-17 19:03:05,34.68,112.45,66.99,99,5,3.02
234,Bethel,US,2020-06-17 19:03:05,41.37,-73.41,82.0,50,1,6.55
235,Limbang,MY,2020-06-17 19:03:06,4.75,115.0,78.8,94,75,4.7
236,Sept-Iles,CA,2020-06-17 18:59:05,50.2,-66.38,75.2,38,75,9.17
237,Russell,US,2020-06-17 19:01:10,32.35,-85.2,78.8,50,75,8.05
238,La Palma,US,2020-06-17 19:03:06,33.85,-118.05,73.99,56,90,5.82
239,Coquimbo,CL,2020-06-17 19:01:27,-29.95,-71.34,59.0,62,20,13.87
240,Davenda,RU,2020-06-17 19:03:07,53.56,119.32,53.08,65,99,3.29
241,Sheridan,US,2020-06-17 19:03:07,44.83,-106.92,57.99,71,90,6.93
242,Yerbogachen,RU,2020-06-17 19:03:07,61.28,108.01,47.53,70,0,2.21
243,Carballo,ES,2020-06-17 19:03:08,43.21,-8.69,61.0,71,46,5.01
244,Buford,US,2020-06-17 19:03:08,34.12,-84.0,75.0,68,90,8.05
245,Parbhani,IN,2020-06-17 19:03:08,19.27,76.78,78.76,77,87,11.16
246,Raudeberg,NO,2020-06-17 19:03:08,61.99,5.14,62.01,86,40,1.48
247,Benguela,AO,2020-06-17 19:03:08,-12.58,13.41,71.01,75,0,3.09
248,Barahona,DO,2020-06-17 19:03:09,18.21,-71.1,91.4,63,75,13.87
249,Jos,NG,2020-06-17 19:03:09,9.92,8.9,69.73,86,92,8.7
250,Tocopilla,CL,2020-06-17 19:03:09,-22.09,-70.2,68.22,51,7,11.59
251,Hobyo,SO,2020-06-17 19:03:09,5.35,48.53,80.26,70,100,25.26
252,Sarangani,PH,2020-06-17 19:03:10,5.4,125.46,84.09,70,100,5.77
253,Bathsheba,BB,2020-06-17 19:03:10,13.22,-59.52,86.0,70,75,17.22
254,Tabas,IR,2020-06-17 19:03:10,33.6,56.92,96.8,11,0,6.93
255,Bela Vista,BR,2020-06-17 19:03:10,-22.11,-56.52,83.79,42,100,10.83
256,Hamilton,US,2020-06-17 19:03:10,39.18,-84.53,82.4,44,1,10.29
257,Unai,BR,2020-06-17 18:59:07,-16.36,-46.91,74.82,54,91,7.78
258,Kahului,US,2020-06-17 19:03:11,20.89,-156.47,80.6,61,20,12.75
259,Tacuarembo,UY,2020-06-17 19:03:11,-31.73,-55.98,71.89,79,100,12.88
260,Makueni,KE,2020-06-17 19:03:11,-1.8,37.62,61.54,68,3,4.12
261,Makakilo City,US,2020-06-17 19:03:12,21.35,-158.09,80.01,69,1,3.36
262,Pimenta Bueno,BR,2020-06-17 19:03:12,-11.67,-61.19,88.7,48,2,3.94
263,Makaha,US,2020-06-17 19:03:12,21.47,-158.22,80.01,69,1,3.36
264,Oyama,JP,2020-06-17 19:03:12,36.3,139.8,73.99,93,75,3.36
265,Oyem,GA,2020-06-17 19:03:12,1.6,11.58,69.6,96,100,3.4
266,Saint-Joseph,RE,2020-06-17 19:03:13,-21.37,55.62,68.0,82,75,25.28
267,Amuntai,ID,2020-06-17 19:02:57,-2.42,115.25,72.79,96,55,0.76
268,Nanlong,CN,2020-06-17 19:03:13,31.35,106.06,67.28,90,99,0.49
269,Mount Gambier,AU,2020-06-17 19:03:13,-37.83,140.77,44.6,87,95,6.93
270,Ko Samui,TH,2020-06-17 19:03:13,9.54,99.94,84.76,72,100,13.0
271,Bonney Lake,US,2020-06-17 18:59:23,47.18,-122.19,68.0,59,75,4.79
272,Ilhabela,BR,2020-06-17 19:03:14,-23.78,-45.36,70.84,77,0,11.1
273,Broome,US,2020-06-17 19:03:14,42.25,-75.83,81.0,36,1,4.74
274,Ugoofaaru,MV,2020-06-17 19:03:14,5.67,73.0,84.29,80,100,13.53
275,La Ronge,CA,2020-06-17 19:03:15,55.1,-105.28,48.2,76,90,18.34
276,Prado,BR,2020-06-17 19:03:15,-17.34,-39.22,73.6,73,66,10.96
277,Ancud,CL,2020-06-17 19:03:15,-41.87,-73.82,53.01,93,90,12.75
278,Tortoli,IT,2020-06-17 19:03:15,39.93,9.66,73.4,78,5,11.41
279,Kargasok,RU,2020-06-17 19:03:16,59.06,80.86,54.77,66,0,10.27
280,Alyangula,AU,2020-06-17 19:03:16,-13.85,136.42,66.2,93,0,10.49
281,Redmond,US,2020-06-17 19:01:52,47.67,-122.12,66.99,72,28,3.18
282,Artvin,TR,2020-06-17 19:03:16,41.17,41.83,71.6,88,20,4.7
283,Shelburne,CA,2020-06-17 19:03:17,44.08,-80.2,82.0,36,1,6.93
284,Nouadhibou,MR,2020-06-17 19:03:17,20.93,-17.03,98.6,23,1,28.86
285,Atessa,IT,2020-06-17 19:03:17,42.07,14.45,71.6,68,0,3.36
286,Alghero,IT,2020-06-17 19:03:18,40.56,8.32,69.8,68,0,6.93
287,Sur,OM,2020-06-17 19:03:18,22.57,59.53,87.82,68,13,15.52
288,Kontagora,NG,2020-06-17 19:03:18,10.4,5.47,80.69,75,20,3.8
289,Saint-Philippe,RE,2020-06-17 19:03:18,-21.36,55.77,69.8,82,75,25.28
290,Luorong,CN,2020-06-17 19:03:19,24.41,109.61,77.02,89,15,6.13
291,Fort-Shevchenko,KZ,2020-06-17 19:03:19,44.51,50.26,82.62,31,100,18.54
292,Mahanje,TZ,2020-06-17 19:03:19,-9.93,35.33,58.96,77,39,1.83
293,Hammerfest,NO,2020-06-17 19:03:19,70.66,23.68,53.6,58,0,4.7
294,Esperance,AU,2020-06-17 18:59:41,-33.87,121.9,57.2,82,90,12.75
295,Chunoyar,RU,2020-06-17 19:03:20,57.45,97.32,48.18,59,0,4.41
296,Cherskiy,RU,2020-06-17 19:03:20,68.75,161.3,73.31,35,79,1.68
297,Ilebo,CD,2020-06-17 19:02:05,-4.32,20.58,70.66,42,87,0.25
298,Belfort,FR,2020-06-17 19:01:15,47.63,6.87,62.6,82,75,4.7
299,Fort Nelson,CA,2020-06-17 19:03:21,58.81,-122.7,55.4,87,90,2.24
300,Jalu,LY,2020-06-17 19:03:21,29.03,21.55,79.27,33,0,16.15
301,Waingapu,ID,2020-06-17 19:03:21,-9.66,120.26,76.3,83,65,12.64
302,Reconquista,AR,2020-06-17 19:03:21,-29.15,-59.65,80.13,56,100,14.61
303,Aurillac,FR,2020-06-17 19:03:21,44.92,2.45,59.0,87,41,4.7
304,Gorele,TR,2020-06-17 19:03:22,41.03,39.0,75.2,78,40,4.14
305,Port Elizabeth,ZA,2020-06-17 19:03:22,-33.92,25.57,57.2,87,0,6.93
306,Camopi,GF,2020-06-17 19:03:22,3.17,-52.32,80.37,93,100,3.69
307,Tezu,IN,2020-06-17 19:03:22,27.92,96.17,77.34,79,94,0.18
308,General Roca,AR,2020-06-17 19:03:23,-39.03,-67.58,55.4,54,100,5.82
309,Jilib,SO,2020-06-17 19:03:23,0.49,42.79,74.21,81,80,6.93
310,Nicoya,CR,2020-06-17 19:03:23,10.15,-85.45,87.8,70,75,5.82
311,Jibuti,DJ,2020-06-17 19:03:23,11.5,42.5,92.14,25,100,5.35
312,Pangnirtung,CA,2020-06-17 19:03:23,66.15,-65.71,39.2,69,90,17.22
313,Uthal,PK,2020-06-17 19:01:52,25.81,66.62,84.07,82,41,12.21
314,Cockburn Town,TC,2020-06-17 19:03:24,21.46,-71.14,87.8,62,40,17.22
315,San Patricio,MX,2020-06-17 18:59:59,19.22,-104.7,87.8,74,20,9.17
316,Batticaloa,LK,2020-06-17 18:58:35,7.71,81.69,82.99,72,100,8.7
317,Lagoa,PT,2020-06-17 19:03:24,39.05,-27.98,63.57,78,99,10.38
318,Northam,GB,2020-06-17 19:03:25,51.03,-4.22,57.99,95,100,1.99
319,Marathon,US,2020-06-17 19:03:25,44.9,-89.77,80.6,42,1,9.17
320,Consolacion Del Sur,CU,2020-06-17 19:03:25,22.5,-83.51,80.62,81,100,6.4
321,Dzhebariki-Khaya,RU,2020-06-17 19:03:25,62.22,135.8,56.61,67,0,3.49
322,Geraldton,AU,2020-06-17 19:00:49,-28.77,114.6,64.4,63,40,17.22
323,Adre,TD,2020-06-17 19:03:26,13.47,22.2,79.66,46,5,6.96
324,Mochudi,BW,2020-06-17 19:03:26,-24.42,26.15,51.8,62,0,6.93
325,Dhidhdhoo,MV,2020-06-17 18:58:34,6.88,73.1,84.56,79,100,15.55
326,Kushmurun,KZ,2020-06-17 19:03:27,52.45,64.63,65.79,57,11,5.21
327,Segezha,RU,2020-06-17 19:03:27,63.74,34.32,53.96,55,0,7.94
328,Oranjemund,NA,2020-06-17 19:03:27,-28.55,16.43,68.86,30,0,17.2
329,Pathein,MM,2020-06-17 19:03:27,16.78,94.73,77.36,89,100,4.16
330,Kemijarvi,FI,2020-06-17 19:03:28,66.71,27.43,65.14,47,0,3.4
331,Lompoc,US,2020-06-17 19:03:28,34.64,-120.46,73.99,56,8,9.17
332,Hazorasp,UZ,2020-06-17 19:03:28,41.32,61.07,66.2,52,0,4.7
333,Salalah,OM,2020-06-17 19:03:28,17.02,54.09,84.2,83,90,3.36
334,Kozhevnikovo,RU,2020-06-17 19:03:29,56.26,83.97,48.0,91,0,2.73
335,Bogovarovo,RU,2020-06-17 19:03:29,58.98,47.02,51.03,67,0,4.45
336,Xining,CN,2020-06-17 19:03:29,36.62,101.77,52.54,62,0,2.35
337,Sistranda,NO,2020-06-17 19:03:29,63.73,8.83,60.8,82,20,13.87
338,Camacha,PT,2020-06-17 19:03:01,33.08,-16.33,68.0,77,75,3.36
339,Narsaq,GL,2020-06-17 19:03:30,60.92,-46.05,46.4,61,75,9.17
340,Sayat,TM,2020-06-17 19:03:30,38.78,63.88,80.6,19,0,9.17
341,Leh,IN,2020-06-17 19:03:30,34.17,77.58,53.24,41,18,7.07
342,Touros,BR,2020-06-17 19:03:30,-5.2,-35.46,82.4,74,40,13.87
343,Palana,RU,2020-06-17 18:59:38,59.12,159.97,45.34,90,100,10.78
344,Tarakan,ID,2020-06-17 19:03:31,3.3,117.63,80.76,81,100,5.19
345,Muncar,ID,2020-06-17 19:03:31,-8.43,114.33,76.06,90,18,3.69
346,Zhigansk,RU,2020-06-17 19:03:31,66.77,123.37,52.84,91,100,13.33
347,Kerman,IR,2020-06-17 19:03:09,30.28,57.08,86.0,10,0,6.93
348,Moree,AU,2020-06-17 19:03:32,-29.47,149.85,46.4,87,0,6.93
349,Viedma,AR,2020-06-17 19:00:47,-40.81,-63.0,56.89,60,100,1.05
350,Novyy Urengoy,RU,2020-06-17 19:03:32,66.08,76.63,42.6,61,0,6.6
351,Taree,AU,2020-06-17 19:03:32,-31.9,152.47,59.0,87,90,8.05
352,Hambantota,LK,2020-06-17 19:03:32,6.12,81.12,80.6,100,100,6.93
353,Oussouye,SN,2020-06-17 19:03:33,12.48,-16.55,91.4,74,46,4.7
354,Ixtapa,MX,2020-06-17 19:03:33,20.7,-105.2,86.0,55,5,8.05
355,Friedeburg,DE,2020-06-17 19:03:33,53.45,7.83,66.99,78,100,9.01
356,Agropoli,IT,2020-06-17 19:03:33,40.35,15.0,68.0,66,0,4.0
357,Arauca,CO,2020-06-17 19:03:34,7.08,-70.76,86.0,70,75,4.7
358,Luanda,AO,2020-06-17 19:02:46,-8.84,13.23,73.4,88,20,6.93
359,Bedesa,ET,2020-06-17 19:03:34,8.9,40.78,64.51,85,86,6.69
360,Payo,ID,2020-06-17 19:03:34,-3.75,103.64,72.45,94,17,1.81
361,Usinsk,RU,2020-06-17 19:03:34,65.99,57.53,37.98,76,67,12.48
362,Svetlaya,RU,2020-06-17 19:03:35,46.54,138.33,47.55,91,100,7.0
363,Karangampel,ID,2020-06-17 19:03:35,-6.46,108.45,78.04,82,97,4.29
364,Laramie,US,2020-06-17 19:03:35,41.31,-105.59,73.4,23,1,5.82
365,Ontario,US,2020-06-17 19:03:35,34.06,-117.65,72.0,64,90,4.7
366,Qinhuangdao,CN,2020-06-17 19:03:35,39.93,119.59,73.15,56,100,10.11
367,Manacapuru,BR,2020-06-17 19:03:36,-3.3,-60.62,84.2,79,75,3.36
368,Fayaoue,NC,2020-06-17 19:03:36,-20.65,166.53,74.43,83,98,15.86
369,Fallon,US,2020-06-17 19:03:07,39.47,-118.78,61.0,26,20,8.05
370,Whitehorse,CA,2020-06-17 19:00:56,60.72,-135.05,55.4,54,20,13.87
371,Flinders,AU,2020-06-17 19:03:37,-34.58,150.86,53.01,88,99,2.89
372,Acari,PE,2020-06-17 19:03:37,-15.43,-74.62,71.1,56,51,11.23
373,Praya,CV,2020-06-17 19:03:37,14.92,-23.51,84.2,66,0,10.29
374,Alofi,NU,2020-06-17 19:03:37,-19.06,-169.92,71.6,68,74,12.75
375,Berlevag,NO,2020-06-17 19:03:03,70.86,29.09,46.4,81,8,14.99
376,Itoman,JP,2020-06-17 19:03:38,26.12,127.67,82.4,94,20,12.75
377,Bilma,NE,2020-06-17 19:03:38,18.69,12.92,90.73,11,0,3.11
378,Guerrero Negro,MX,2020-06-17 19:03:38,27.98,-114.06,73.17,51,0,14.5
379,North Vanlaiphai,IN,2020-06-17 19:03:38,23.13,93.07,63.46,100,100,2.06
380,Honiara,SB,2020-06-17 19:03:39,-9.43,159.95,73.4,100,20,2.24
381,Kolyshley,RU,2020-06-17 19:03:39,52.7,44.54,75.99,49,3,4.9
382,Gizo,SB,2020-06-17 19:03:39,-8.1,156.84,82.15,79,99,13.53
383,Hami,CN,2020-06-17 19:03:39,42.8,93.45,85.57,13,100,4.76
384,Vigrestad,NO,2020-06-17 19:00:53,58.57,5.7,64.4,82,25,5.82
385,Huicungo,PE,2020-06-17 19:03:40,-7.28,-76.8,88.48,47,16,3.49
386,Ahuimanu,US,2020-06-17 19:03:40,21.44,-157.84,91.4,46,75,9.17
387,Houma,US,2020-06-17 19:03:40,29.6,-90.72,90.0,48,40,8.05
388,Cortazar,MX,2020-06-17 19:03:40,20.48,-100.93,86.7,19,66,8.3
389,Bintulu,MY,2020-06-17 19:03:41,3.17,113.03,75.2,100,90,5.82
390,Soria,ES,2020-06-17 19:03:41,41.67,-2.67,57.99,71,31,8.99
391,Itarema,BR,2020-06-17 19:03:41,-2.92,-39.92,82.72,77,0,12.57
392,Mecca,SA,2020-06-17 19:03:41,21.43,39.83,90.93,21,0,6.06
393,Mehamn,NO,2020-06-17 19:03:41,71.04,27.85,44.6,81,2,14.99
394,Weston,US,2020-06-17 19:00:06,26.1,-80.4,82.0,86,60,1.01
395,Marawi,PH,2020-06-17 19:03:42,8.0,124.29,67.91,93,100,3.8
396,Lakatoro,VU,2020-06-17 19:03:42,-16.1,167.42,78.8,88,75,8.05
397,Tulun,RU,2020-06-17 19:03:42,54.56,100.58,46.8,72,0,6.44
398,Victoria,HK,2020-06-17 19:01:45,22.29,114.16,84.0,70,0,5.01
399,Mount Isa,AU,2020-06-17 18:59:45,-20.73,139.5,64.4,42,0,4.7
400,Juneau,US,2020-06-17 19:03:43,58.3,-134.42,55.0,76,90,11.41
401,Inirida,CO,2020-06-17 19:00:07,3.87,-67.92,83.79,83,15,3.65
402,Paamiut,GL,2020-06-17 19:03:04,61.99,-49.67,35.22,88,98,1.83
403,Rio Brilhante,BR,2020-06-17 19:03:43,-21.8,-54.55,82.22,49,100,9.6
404,Vila Velha,BR,2020-06-17 19:00:15,-20.33,-40.29,75.2,64,40,6.93
405,Tecoanapa,MX,2020-06-17 19:03:44,16.52,-98.75,88.12,61,0,10.13
406,Erenhot,CN,2020-06-17 19:03:44,43.65,111.98,68.54,48,1,5.01
407,Ust-Maya,RU,2020-06-17 19:03:44,60.42,134.53,51.6,64,76,2.35
408,Nova Olimpia,BR,2020-06-17 19:03:45,-14.8,-57.29,90.46,34,0,6.11
409,Peniche,PT,2020-06-17 19:03:45,39.36,-9.38,69.01,69,0,11.01
410,Bahia Honda,CU,2020-06-17 19:03:45,22.9,-83.16,81.05,78,100,4.56
411,Sangar,RU,2020-06-17 19:03:45,63.92,127.47,58.77,63,0,7.25
412,Burgersdorp,ZA,2020-06-17 19:03:46,-31.0,26.33,39.67,65,0,2.26
413,Oster,UA,2020-06-17 19:03:46,50.95,30.88,75.0,83,100,4.47
414,Valleyview,CA,2020-06-17 19:03:46,55.07,-117.29,53.55,94,100,4.38
415,Sao Jose Da Coroa Grande,BR,2020-06-17 19:03:46,-8.9,-35.15,78.3,74,5,12.1
416,Salvador,SV,2020-06-17 19:03:47,13.83,-88.92,86.0,74,75,4.7
417,Solnechnyy,RU,2020-06-17 19:03:47,50.72,136.63,44.28,83,100,8.32
418,Canutama,BR,2020-06-17 19:02:05,-6.53,-64.38,93.67,39,10,3.33
419,Aksu,CN,2020-06-17 19:03:48,41.12,80.26,77.72,24,100,8.57
420,Chibuto,MZ,2020-06-17 19:03:48,-24.69,33.53,61.95,93,100,4.21
421,Ebbs,AT,2020-06-17 19:03:48,47.63,12.22,57.0,92,100,1.99
422,Rabat,MA,2020-06-17 19:00:32,33.99,-6.84,71.6,68,40,17.22
423,Kushiro,JP,2020-06-17 19:03:49,42.98,144.37,55.0,91,100,2.86
424,Khipro,PK,2020-06-17 19:03:49,25.83,69.38,90.25,52,100,25.43
425,Hurghada,EG,2020-06-17 19:03:49,27.26,33.81,93.2,17,0,5.75
426,Soe,ID,2020-06-17 19:03:50,-9.86,124.28,63.25,100,98,6.22
427,Umm Kaddadah,SD,2020-06-17 19:03:50,13.6,26.69,89.13,33,97,21.56
428,Khani,GE,2020-06-17 19:03:50,41.96,42.96,75.2,78,90,3.36
429,Ramygala,LT,2020-06-17 18:59:04,55.52,24.3,73.4,64,98,4.7
430,Bonfim,BR,2020-06-17 19:03:51,3.08,-59.95,84.04,70,51,8.46
431,Yeroham,IL,2020-06-17 19:03:51,30.99,34.93,77.79,28,0,3.47
432,Sedalia,US,2020-06-17 19:03:51,38.7,-93.23,82.99,51,20,11.41
433,Krutikha,RU,2020-06-17 19:03:52,53.96,81.21,54.57,93,38,6.38
434,Puerto Escondido,MX,2020-06-17 19:03:52,15.85,-97.07,86.0,70,75,6.93
435,Faanui,PF,2020-06-17 19:03:52,-16.48,-151.75,80.98,80,100,10.96
436,Oriximina,BR,2020-06-17 19:03:52,-1.77,-55.87,86.81,60,62,7.09
437,Shenjiamen,CN,2020-06-17 19:03:53,29.96,122.3,77.29,88,99,11.03
438,Novouzensk,RU,2020-06-17 19:03:53,50.46,48.14,70.38,56,2,7.02
439,Nizhniy Odes,RU,2020-06-17 19:03:53,63.64,54.86,40.6,75,0,6.4
440,Maracacume,BR,2020-06-17 19:03:53,-2.04,-45.96,82.87,87,16,3.29
441,Sainte-Rose,GP,2020-06-17 19:03:54,16.33,-61.7,87.8,58,20,16.11
442,Beloha,MG,2020-06-17 19:03:54,-25.17,45.05,63.36,80,56,13.65
443,Dombarovskiy,RU,2020-06-17 19:03:54,50.76,59.54,64.36,67,0,8.23
444,Nemuro,JP,2020-06-17 19:03:54,43.32,145.57,51.42,96,94,7.54
445,Bang Saphan,TH,2020-06-17 19:03:55,11.21,99.51,78.04,87,100,3.2
446,Bud,US,2020-06-17 19:03:55,39.45,-86.18,84.0,37,40,6.93
447,Ankang,CN,2020-06-17 19:03:55,32.68,109.02,64.49,90,26,1.41
448,Blind River,CA,2020-06-17 19:03:55,46.18,-82.96,78.8,41,1,4.7
449,Asyut,EG,2020-06-17 19:03:55,27.18,31.18,98.6,25,0,11.41
450,Catarman,PH,2020-06-17 19:03:56,12.5,124.64,77.31,92,100,2.64
451,Dudinka,RU,2020-06-17 19:03:56,69.41,86.18,37.4,93,19,8.95
452,Ngunguru,NZ,2020-06-17 19:03:56,-35.62,174.5,59.0,96,100,1.99
453,Ust-Nera,RU,2020-06-17 19:03:56,64.57,143.2,65.75,50,62,4.23
454,Labuhan,ID,2020-06-17 19:03:56,-6.88,112.21,77.79,86,13,8.03
455,Turgenevo,RU,2020-06-17 19:03:57,54.85,46.33,65.55,88,56,2.33
456,Qitaihe,CN,2020-06-17 19:03:57,45.8,130.85,46.2,94,2,2.46
457,Santa Rosa,PH,2020-06-17 19:03:57,14.31,121.11,84.2,74,20,2.24
458,San Quintin,MX,2020-06-17 19:03:57,30.48,-115.95,70.03,59,0,12.5
459,Ardesen,TR,2020-06-17 19:03:57,41.19,40.99,71.6,88,20,4.7
460,Springbok,ZA,2020-06-17 19:03:58,-29.66,17.89,55.08,41,0,19.26
461,Zile,TR,2020-06-17 19:03:58,40.3,35.89,62.6,82,75,8.05
462,Mongoumba,CF,2020-06-17 19:03:58,3.64,18.59,75.34,84,100,2.66
463,Vestmannaeyjar,IS,2020-06-17 19:03:58,63.44,-20.27,48.2,70,40,10.29
464,Ghanaur,IN,2020-06-17 19:03:59,30.33,76.61,95.2,14,0,3.67
465,Khabary,RU,2020-06-17 19:03:59,53.63,79.53,54.19,85,89,8.81
466,Narasapur,IN,2020-06-17 19:03:59,16.45,81.67,82.17,79,100,8.95
467,Careiro Da Varzea,BR,2020-06-17 19:03:59,-3.2,-59.81,86.0,74,40,3.36
468,Bereda,ES,2020-06-17 19:03:59,43.27,-7.54,60.01,81,85,3.0
469,Grand Gaube,MU,2020-06-17 19:02:29,-20.01,57.66,69.01,89,66,10.0
470,Smirnykh,RU,2020-06-17 19:04:00,49.75,142.83,44.69,94,100,3.27
471,Chippewa Falls,US,2020-06-17 19:02:18,44.94,-91.39,84.2,32,1,18.34
472,Galle,LK,2020-06-17 19:04:00,6.04,80.22,81.0,86,66,10.16
473,Bratsk,RU,2020-06-17 19:04:00,56.13,101.61,46.4,81,0,4.47
474,Cauquenes,CL,2020-06-17 19:04:01,-35.97,-72.32,51.1,91,100,3.2
475,Kaputa,ZM,2020-06-17 19:04:01,-8.47,29.66,66.45,49,0,1.74
476,Cururupu,BR,2020-06-17 19:04:01,-1.83,-44.87,85.8,64,74,6.33
477,Pringsewu,ID,2020-06-17 19:04:01,-5.36,104.97,73.11,87,5,2.33
478,Bosaso,SO,2020-06-17 19:04:01,11.28,49.18,93.79,41,100,21.36
479,Krasnaya Gora,RU,2020-06-17 19:04:01,53.0,31.6,80.6,39,0,13.42
480,Atar,MR,2020-06-17 19:04:02,20.52,-13.05,103.69,13,0,20.11
481,Vanimo,PG,2020-06-17 19:04:02,-2.67,141.3,76.48,84,5,3.76
482,Gagnoa,CI,2020-06-17 19:04:02,6.13,-5.94,75.0,96,76,4.16
483,Uvira,CD,2020-06-17 19:04:02,-3.41,29.15,73.44,59,11,3.09
484,Keti Bandar,PK,2020-06-17 19:04:02,24.14,67.45,85.01,83,0,15.19
485,Bethanien,NA,2020-06-17 19:04:03,-26.5,17.16,53.02,40,0,7.83
486,Dongling,CN,2020-06-17 19:04:03,41.81,123.58,69.8,64,98,4.47
487,Srednekolymsk,RU,2020-06-17 19:04:03,67.45,153.68,75.74,37,0,5.68
488,Haines Junction,CA,2020-06-17 19:04:03,60.75,-137.51,57.15,43,3,10.8
489,Mandalgovi,MN,2020-06-17 19:04:04,45.76,106.27,62.31,58,52,11.97
490,Zhuji,CN,2020-06-17 19:04:04,29.72,120.24,84.2,70,82,4.47
491,Laguna,US,2020-06-17 19:04:04,38.42,-121.42,81.0,26,1,20.8
492,Conceicao Do Araguaia,BR,2020-06-17 19:04:04,-8.26,-49.26,87.8,45,15,8.05
493,Cap Malheureux,MU,2020-06-17 19:01:14,-19.98,57.61,69.01,89,47,10.0
494,Saskylakh,RU,2020-06-17 19:04:05,71.92,114.08,55.36,57,21,12.53
495,Baherden,TM,2020-06-17 19:04:05,38.44,57.43,87.67,13,0,10.6
496,Tsiroanomandidy,MG,2020-06-17 19:04:05,-18.77,46.03,59.2,63,0,4.54
497,Teguise,ES,2020-06-17 19:04:05,29.06,-13.56,75.2,78,20,8.05
498,Bara,NG,2020-06-17 19:04:06,10.37,10.73,85.01,61,100,15.73
499,Boden,SE,2020-06-17 19:04:06,65.83,21.69,68.0,45,46,2.24
500,Morros,BR,2020-06-17 19:04:06,-9.45,-46.3,85.32,41,6,11.05
501,Te Anau,NZ,2020-06-17 19:02:31,-45.42,167.72,36.57,85,20,5.39
502,Ndende,GA,2020-06-17 19:04:07,-2.4,11.36,75.09,85,100,0.89
503,Gijon,ES,2020-06-17 19:00:41,43.54,-5.66,61.0,77,100,3.27
504,Mount Hagen,PG,2020-06-17 19:04:07,-5.86,144.23,56.93,91,59,1.77
505,Uribia,CO,2020-06-17 19:00:07,11.71,-72.27,91.44,48,6,19.89
506,Agogo,GH,2020-06-17 19:04:07,6.8,-1.08,72.45,99,100,5.5
507,Saint George,US,2020-06-17 19:00:40,37.1,-113.58,80.6,26,1,8.05
508,Bay Roberts,CA,2020-06-17 19:04:08,47.6,-53.26,73.0,44,100,23.0
509,Leningradskiy,RU,2020-06-17 19:04:08,69.38,178.42,47.26,57,86,8.32
510,Broken Hill,AU,2020-06-17 19:02:26,-31.95,141.43,46.4,75,0,6.93
511,Petropavlovsk-Kamchatskiy,RU,2020-06-17 19:04:08,53.05,158.65,41.0,100,90,2.24
512,Kalmunai,LK,2020-06-17 19:04:09,7.42,81.82,82.85,73,100,9.51
513,Lazurne,UA,2020-06-17 19:04:09,46.08,32.53,73.0,100,18,1.01
514,Kerema,PG,2020-06-17 19:04:09,-7.96,145.78,76.12,85,100,3.51
515,Ilulissat,GL,2020-06-17 19:03:04,69.22,-51.1,41.0,75,40,6.93
516,Xingyi,CN,2020-06-17 19:04:09,24.19,102.82,64.02,97,100,3.65
517,Santa Isabel Do Rio Negro,BR,2020-06-17 19:04:10,-0.41,-65.02,73.04,96,100,5.08
518,Ginir,ET,2020-06-17 19:04:10,7.13,40.7,58.68,96,65,6.11
519,Sao Joao Do Paraiso,BR,2020-06-17 19:04:10,-15.31,-42.01,67.75,69,98,12.84
520,Constitucion,CL,2020-06-17 18:59:34,-35.33,-72.42,52.7,92,100,6.4
521,Kabare,CD,2020-06-17 19:04:10,-2.47,28.82,59.41,84,0,1.16
522,Berdigestyakh,RU,2020-06-17 19:04:11,62.1,126.7,57.34,65,0,7.94
523,Saint-Augustin,CA,2020-06-17 19:04:11,51.23,-58.65,62.74,74,100,16.33
524,Aleksandrov Gay,RU,2020-06-17 19:04:11,50.15,48.57,72.99,50,0,7.87
525,Yenagoa,NG,2020-06-17 19:04:11,4.92,6.26,75.47,93,100,4.79
526,Aksarka,RU,2020-06-17 19:04:11,66.56,67.8,37.47,76,0,11.52
527,Margate,GB,2020-06-17 19:04:07,51.38,1.39,64.99,80,100,6.35
528,Ostrovnoy,RU,2020-06-17 19:04:12,68.05,39.51,41.79,74,0,2.55
529,Hazleton,US,2020-06-17 19:01:11,40.96,-75.97,80.01,33,1,6.76
530,Murray Bridge,AU,2020-06-17 19:04:12,-35.12,139.27,52.0,88,0,9.4
531,Vikhorevka,RU,2020-06-17 19:04:12,56.12,101.16,46.4,81,0,4.47
532,Araouane,ML,2020-06-17 19:04:13,18.9,-3.53,106.18,6,0,7.05
533,Senanga,ZM,2020-06-17 19:02:04,-16.12,23.27,57.29,53,1,6.2
534,Kutum,SD,2020-06-17 19:04:13,14.2,24.67,80.8,32,12,5.23
535,Kashi,CN,2020-06-17 19:04:13,39.45,75.98,73.4,28,100,6.71
536,Taman,RU,2020-06-17 19:04:13,45.21,36.72,71.6,73,0,2.24
537,Baraboo,US,2020-06-17 19:04:14,43.47,-89.74,82.99,39,40,9.17
538,Nuuk,GL,2020-06-17 19:04:14,64.18,-51.72,39.2,86,75,5.82
539,Sa Kaeo,TH,2020-06-17 19:04:14,13.81,102.07,74.97,95,100,4.56
540,Adrar,MR,2020-06-17 19:02:06,20.5,-10.07,102.81,13,0,19.69
541,Libourne,FR,2020-06-17 19:04:15,44.92,-0.25,66.99,77,75,9.17
542,Morwell,AU,2020-06-17 19:04:15,-38.23,146.4,33.01,96,0,1.3
543,Hibbing,US,2020-06-17 19:04:15,47.43,-92.94,84.2,51,1,13.87
544,Maues,BR,2020-06-17 19:04:15,-3.38,-57.72,89.65,54,20,2.89
545,Bonnyville,CA,2020-06-17 18:59:54,54.27,-110.73,53.6,76,90,16.11
546,Kulhudhuffushi,MV,2020-06-17 19:04:16,6.62,73.07,84.47,79,100,14.83
547,Venado Tuerto,AR,2020-06-17 18:59:35,-33.75,-61.97,74.88,59,100,10.69
548,Kremenchuk,UA,2020-06-17 19:04:16,49.1,33.42,70.5,76,50,4.54
549,Zyryanka,RU,2020-06-17 19:04:16,65.75,150.85,72.52,47,32,3.18
550,Nadym,RU,2020-06-17 19:04:17,65.53,72.52,40.46,70,1,4.7
551,Emerald,AU,2020-06-17 19:04:17,-23.53,148.17,60.8,72,90,9.17
552,Beamsville,CA,2020-06-17 19:00:37,43.17,-79.48,77.0,53,20,9.17
553,Benavente,ES,2020-06-17 19:04:17,42.0,-5.68,64.99,62,75,9.17
554,Alawalpur,IN,2020-06-17 19:00:57,31.43,75.65,93.0,11,0,3.2
555,Kailua,US,2020-06-17 19:04:17,21.4,-157.74,91.4,46,75,9.17
556,Slave Lake,CA,2020-06-17 18:59:48,55.28,-114.77,55.4,87,90,5.82
557,Pisco,PE,2020-06-17 19:04:18,-13.7,-76.22,71.6,64,0,14.99
558,Chernyshevskiy,RU,2020-06-17 18:59:36,63.01,112.47,48.07,68,43,2.86
559,Kungurtug,RU,2020-06-17 19:04:18,50.6,97.52,51.66,67,74,1.1
560,Iracoubo,GF,2020-06-17 19:04:19,5.48,-53.2,82.36,79,99,7.14
561,Coihaique,CL,2020-06-17 19:04:19,-45.58,-72.07,41.0,93,90,2.24
562,Bam,IR,2020-06-17 19:04:19,29.11,58.36,91.85,10,0,9.33
563,Bela,IN,2020-06-17 19:04:19,25.93,81.98,83.43,81,100,4.81
564,Tuy Hoa,VN,2020-06-17 19:04:20,13.08,109.3,78.21,81,0,4.79
565,Dondo,MZ,2020-06-17 19:04:20,-19.61,34.74,69.8,73,75,9.17
566,Port Hedland,AU,2020-06-17 19:04:20,-20.32,118.57,62.6,82,0,5.82
567,Moranbah,AU,2020-06-17 19:04:20,-22.0,148.05,58.69,85,100,18.81
568,Douglas,US,2020-06-17 18:59:24,41.3,-96.17,89.6,49,1,17.22
569,Halifax,CA,2020-06-17 19:01:36,44.65,-63.57,77.0,52,0,5.01
570,Vao,NC,2020-06-17 19:04:21,-22.67,167.48,72.5,76,58,13.24
571,Hovd,MN,2020-06-17 19:04:21,48.01,91.64,63.7,52,22,1.88
572,Grenville,GD,2020-06-17 19:04:21,12.12,-61.62,86.0,74,40,25.28
573,Galesong,ID,2020-06-17 19:04:21,-5.32,119.37,77.0,100,20,2.24
