City_ID,City,Lat,Lng,Max Temp,Weather Description,Rain,Snow,Humidity,Cloudiness,Wind Speed,Country,Date
0,Thompson,55.74,-97.86,39.2,light rain,0.0,0,100,90,14.99,CA,2020-06-19 01:47:43
1,Iqaluit,63.75,-68.51,39.2,broken clouds,0.0,0,64,75,11.41,CA,2020-06-19 01:47:44
2,Tiznit,29.58,-9.5,61.92,scattered clouds,0.0,0,83,30,4.32,MA,2020-06-19 01:47:44
3,Port Alfred,-33.59,26.89,61.0,clear sky,0.0,0,58,0,5.99,ZA,2020-06-19 01:45:07
4,Busselton,-33.65,115.33,53.01,broken clouds,0.0,0,92,80,5.12,AU,2020-06-19 01:45:09
5,Cape Town,-33.93,18.42,64.99,clear sky,0.0,0,42,0,6.93,ZA,2020-06-19 01:45:05
6,Ushuaia,-54.8,-68.3,33.8,scattered clouds,0.0,0,74,41,2.24,AR,2020-06-19 01:43:25
7,Aden,12.78,45.04,86.29,clear sky,0.0,0,76,0,2.57,YE,2020-06-19 01:44:31
8,San Patricio,19.22,-104.7,82.4,clear sky,0.0,0,78,5,11.41,MX,2020-06-19 01:47:45
9,Clyde River,70.47,-68.59,32.0,overcast clouds,0.0,0,92,90,9.17,CA,2020-06-19 01:47:45
10,Cayenne,4.93,-52.33,77.0,overcast clouds,0.0,0,100,100,5.88,GF,2020-06-19 01:47:46
11,Tasiilaq,65.61,-37.64,41.0,moderate rain,0.0,0,86,100,40.26,GL,2020-06-19 01:45:14
12,Tselinnoye,53.08,85.67,59.94,overcast clouds,0.0,0,73,98,10.65,RU,2020-06-19 01:47:46
13,Zhangye,38.93,100.45,83.61,overcast clouds,0.0,0,16,100,3.36,CN,2020-06-19 01:47:46
14,Saskylakh,71.92,114.08,77.95,broken clouds,0.0,0,31,79,12.1,RU,2020-06-19 01:47:47
15,Cutler Ridge,25.58,-80.34,77.0,scattered clouds,0.0,0,88,40,4.7,US,2020-06-19 01:47:47
16,Quatre Cocos,-20.21,57.76,71.6,shower rain,0.0,0,68,75,13.87,MU,2020-06-19 01:47:47
17,Nanortalik,60.14,-45.24,37.98,broken clouds,0.0,0,87,76,4.43,GL,2020-06-19 01:47:47
18,New Norfolk,-42.78,147.06,46.99,overcast clouds,0.0,0,84,100,1.86,AU,2020-06-19 01:47:47
19,Sosua,19.77,-70.52,82.99,clear sky,0.0,0,83,5,12.64,DO,2020-06-19 01:47:47
20,Bontang,0.13,117.5,81.84,moderate rain,2.06,0,83,100,4.36,ID,2020-06-19 01:47:48
21,Jamestown,42.1,-79.24,73.4,clear sky,0.0,0,49,1,3.36,US,2020-06-19 01:47:48
22,Sabya,17.15,42.63,91.4,scattered clouds,0.0,0,63,40,2.75,SA,2020-06-19 01:47:48
23,Bethel,41.37,-73.41,71.6,clear sky,0.0,0,83,1,4.7,US,2020-06-19 01:47:48
24,Butaritari,3.07,172.79,83.43,broken clouds,0.0,0,64,65,4.27,KI,2020-06-19 01:47:48
25,Takayama,36.13,137.25,73.4,broken clouds,0.0,0,73,75,3.36,JP,2020-06-19 01:47:49
26,Punta Arenas,-53.15,-70.92,37.4,light rain,0.0,0,93,100,9.17,CL,2020-06-19 01:47:49
27,Mezen,65.85,44.24,54.91,overcast clouds,0.0,0,66,100,4.97,RU,2020-06-19 01:47:49
28,Alofi,-19.06,-169.92,77.0,broken clouds,0.0,0,69,75,19.46,NU,2020-06-19 01:43:35
29,Mugan,35.94,101.38,61.14,broken clouds,0.0,0,57,83,3.33,CN,2020-06-19 01:47:50
30,Dakoro,14.51,6.76,81.9,overcast clouds,0.0,0,56,95,13.24,NE,2020-06-19 01:47:50
31,Hobart,-42.88,147.33,46.4,broken clouds,0.0,0,81,75,6.93,AU,2020-06-19 01:44:52
32,Puerto Ayora,-0.74,-90.35,71.01,overcast clouds,0.0,0,89,88,11.14,EC,2020-06-19 01:47:50
33,Manzanillo,20.34,-77.12,78.98,light rain,0.24,0,85,50,3.4,CU,2020-06-19 01:47:50
34,Atuona,-9.8,-139.03,80.29,clear sky,0.0,0,76,4,13.02,PF,2020-06-19 01:47:51
35,Hamilton,39.18,-84.53,72.0,scattered clouds,0.0,0,88,40,4.7,US,2020-06-19 01:43:50
36,Bluff,-46.6,168.33,46.89,clear sky,0.0,0,68,0,7.81,NZ,2020-06-19 01:45:15
37,Port Hardy,50.7,-127.42,66.2,light rain,0.0,0,72,90,2.24,CA,2020-06-19 01:47:51
38,Kosh-Agach,50.0,88.67,53.46,few clouds,0.0,0,47,20,5.32,RU,2020-06-19 01:47:51
39,Rikitea,-23.12,-134.97,73.62,heavy intensity rain,4.24,0,91,100,16.37,PF,2020-06-19 01:47:52
40,Kapaa,22.08,-159.32,81.0,broken clouds,0.0,0,74,75,18.34,US,2020-06-19 01:46:17
41,Tres Picos,15.87,-93.53,77.65,light rain,0.3,0,81,100,4.27,MX,2020-06-19 01:47:52
42,Talara,-4.58,-81.27,66.54,clear sky,0.0,0,82,3,17.85,PE,2020-06-19 01:47:52
43,East London,-33.02,27.91,60.51,clear sky,0.0,0,62,0,10.96,ZA,2020-06-19 01:47:52
44,Chapeco,-27.1,-52.62,61.61,broken clouds,0.0,0,98,82,3.33,BR,2020-06-19 01:47:53
45,Pangkalanbuun,-2.68,111.62,80.56,moderate rain,1.53,0,90,100,2.64,ID,2020-06-19 01:46:02
46,Chokurdakh,70.63,147.92,89.15,scattered clouds,0.0,0,20,49,4.76,RU,2020-06-19 01:47:53
47,Qaanaaq,77.48,-69.36,30.25,clear sky,0.0,0,93,0,2.62,GL,2020-06-19 01:47:53
48,Vila Do Maio,15.13,-23.22,78.8,clear sky,0.0,0,69,0,23.04,CV,2020-06-19 01:47:53
49,La Primavera,5.49,-70.41,72.7,overcast clouds,0.0,0,97,100,2.91,CO,2020-06-19 01:47:54
50,Luanda,-8.84,13.23,71.6,broken clouds,0.0,0,94,75,3.65,AO,2020-06-19 01:43:00
51,Lompoc,34.64,-120.46,66.0,clear sky,0.0,0,72,1,11.41,US,2020-06-19 01:47:26
52,Chakia,26.42,85.05,80.94,overcast clouds,0.0,0,84,100,14.32,IN,2020-06-19 01:47:54
53,Saint-Philippe,-21.36,55.77,69.8,broken clouds,0.0,0,64,74,17.22,RE,2020-06-19 01:47:54
54,Lavrentiya,65.58,-171.0,54.34,overcast clouds,0.0,0,57,94,2.08,RU,2020-06-19 01:47:55
55,Georgetown,5.41,100.34,82.4,light rain,0.0,0,100,20,4.7,MY,2020-06-19 01:45:12
56,Karaikkudi,10.07,78.78,86.85,overcast clouds,0.0,0,55,100,4.0,IN,2020-06-19 01:47:55
57,Guarapari,-20.67,-40.5,66.99,clear sky,0.0,0,93,8,5.06,BR,2020-06-19 01:47:49
58,Bloomfield,40.81,-74.19,73.4,clear sky,0.0,0,78,1,4.7,US,2020-06-19 01:47:55
59,Albany,42.6,-73.97,77.0,broken clouds,0.0,0,83,61,4.05,US,2020-06-19 01:42:58
60,Husavik,66.04,-17.34,46.4,clear sky,0.0,0,81,0,16.11,IS,2020-06-19 01:45:03
61,Kaeo,-35.1,173.78,61.0,broken clouds,0.0,0,28,78,8.01,NZ,2020-06-19 01:47:56
62,Khatanga,71.97,102.5,55.36,broken clouds,0.0,0,54,62,13.8,RU,2020-06-19 01:47:56
63,Bengkulu,-3.8,102.27,80.33,overcast clouds,0.0,0,77,100,2.98,ID,2020-06-19 01:45:55
64,Nemuro,43.32,145.57,55.4,light intensity shower rain,0.0,0,100,75,5.82,JP,2020-06-19 01:47:56
65,Tuatapere,-46.13,167.68,44.42,clear sky,0.0,0,61,0,1.57,NZ,2020-06-19 01:47:56
66,Mount Isa,-20.73,139.5,75.2,clear sky,0.0,0,53,0,11.41,AU,2020-06-19 01:47:57
67,San Onofre,9.74,-75.53,78.67,scattered clouds,0.0,0,89,35,4.94,CO,2020-06-19 01:47:57
68,Taltal,-25.4,-70.48,59.14,broken clouds,0.0,0,65,63,5.32,CL,2020-06-19 01:47:57
69,Coihaique,-45.58,-72.07,41.0,few clouds,0.0,0,86,20,4.7,CL,2020-06-19 01:47:57
70,Marion,39.77,-86.16,80.6,broken clouds,0.0,0,47,75,5.82,US,2020-06-19 01:46:18
71,Dong Hoi,17.48,106.6,87.91,scattered clouds,0.0,0,62,42,8.14,VN,2020-06-19 01:43:41
72,Carnarvon,-24.87,113.63,62.6,clear sky,0.0,0,67,0,11.41,AU,2020-06-19 01:43:20
73,Vestmannaeyjar,63.44,-20.27,48.49,broken clouds,0.0,0,78,81,15.9,IS,2020-06-19 01:47:58
74,Ribeira Grande,38.52,-28.7,64.35,scattered clouds,0.0,0,90,43,8.95,PT,2020-06-19 01:47:59
75,The Valley,18.22,-63.06,84.2,scattered clouds,0.0,0,74,40,10.29,AI,2020-06-19 01:46:01
76,Salalah,17.02,54.09,84.2,broken clouds,0.0,0,83,75,3.36,OM,2020-06-19 01:47:59
77,Camacha,33.08,-16.33,68.0,few clouds,0.0,0,88,20,10.29,PT,2020-06-19 01:47:59
78,Severo-Kurilsk,50.68,156.12,44.17,overcast clouds,0.0,0,85,98,12.55,RU,2020-06-19 01:48:00
79,Hofn,64.25,-15.21,49.06,clear sky,0.0,0,82,0,0.34,IS,2020-06-19 01:45:58
80,Vaini,-21.2,-175.2,73.4,overcast clouds,0.0,0,88,90,13.87,TO,2020-06-19 01:48:00
81,Klaksvik,62.23,-6.59,48.2,broken clouds,0.0,0,100,73,4.7,FO,2020-06-19 01:45:24
82,Mafinga,-7.25,35.07,60.4,clear sky,0.0,0,75,5,2.8,TZ,2020-06-19 01:48:00
83,Le Port,-20.94,55.29,71.6,overcast clouds,0.0,0,64,90,18.34,RE,2020-06-19 01:48:01
84,Kysyl-Syr,63.9,122.76,77.79,clear sky,0.0,0,40,0,4.63,RU,2020-06-19 01:48:01
85,Upernavik,72.79,-56.15,35.4,clear sky,0.0,0,85,0,10.58,GL,2020-06-19 01:48:01
86,Almunecar,36.73,-3.69,66.0,clear sky,0.0,0,87,0,5.97,ES,2020-06-19 01:48:01
87,Zarichne,51.81,26.13,60.94,scattered clouds,0.0,0,95,35,5.7,UA,2020-06-19 01:48:02
88,Codrington,-38.27,141.97,59.5,scattered clouds,0.0,0,60,44,20.2,AU,2020-06-19 01:48:02
89,Wukari,7.85,9.78,72.0,overcast clouds,0.0,0,97,100,2.86,NG,2020-06-19 01:48:02
90,Mataura,-46.19,168.86,46.62,clear sky,0.0,0,68,0,5.28,NZ,2020-06-19 01:48:02
91,Belyy Yar,53.6,91.39,62.6,scattered clouds,0.0,0,72,40,11.18,RU,2020-06-19 01:48:02
92,Fort Nelson,58.81,-122.7,78.8,broken clouds,0.0,0,36,75,2.24,CA,2020-06-19 01:48:03
93,Brigantine,39.41,-74.36,69.8,overcast clouds,0.0,0,83,90,3.36,US,2020-06-19 01:48:03
94,Airai,-8.93,125.41,68.05,broken clouds,0.0,0,80,80,6.53,TL,2020-06-19 01:48:03
95,Barrow,71.29,-156.79,44.6,clear sky,0.0,0,70,1,12.75,US,2020-06-19 01:46:43
96,Arraial Do Cabo,-22.97,-42.03,69.8,broken clouds,0.0,0,83,81,10.29,BR,2020-06-19 01:48:03
97,Palmer,42.16,-72.33,73.0,overcast clouds,0.0,0,65,99,5.06,US,2020-06-19 01:45:09
98,Tarauaca,-8.16,-70.77,75.25,clear sky,0.0,0,74,10,2.55,BR,2020-06-19 01:47:35
99,Hilo,19.73,-155.09,82.4,scattered clouds,0.0,0,54,40,6.93,US,2020-06-19 01:48:04
100,Souillac,-20.52,57.52,71.6,shower rain,0.0,0,68,75,13.87,MU,2020-06-19 01:48:04
101,Turka,49.15,23.03,57.99,broken clouds,0.0,0,84,73,3.0,UA,2020-06-19 01:48:04
102,Hermanus,-34.42,19.23,50.0,clear sky,0.0,0,77,0,10.13,ZA,2020-06-19 01:48:05
103,Nioro,13.35,-15.75,81.9,clear sky,0.0,0,73,1,9.89,GM,2020-06-19 01:48:05
104,Vanavara,60.34,102.28,67.35,clear sky,0.0,0,42,0,7.76,RU,2020-06-19 01:48:05
105,Kodiak,57.79,-152.41,51.8,overcast clouds,0.0,0,76,90,12.75,US,2020-06-19 01:48:05
106,Kutum,14.2,24.67,71.29,clear sky,0.0,0,53,2,11.48,SD,2020-06-19 01:48:05
107,Dagana,16.52,-15.51,92.14,scattered clouds,0.0,0,30,44,12.46,MR,2020-06-19 01:48:06
108,Novochernorechenskiy,56.27,91.08,57.02,overcast clouds,0.0,0,95,99,6.44,RU,2020-06-19 01:48:06
109,Melfi,41.0,15.65,62.6,clear sky,0.0,0,63,5,8.05,IT,2020-06-19 01:48:06
110,Basco,20.45,121.97,85.1,few clouds,0.0,0,79,13,14.23,PH,2020-06-19 01:48:06
111,Svetlyy,54.67,20.13,60.8,clear sky,0.0,0,100,0,2.24,RU,2020-06-19 01:48:06
112,Ponta Do Sol,32.67,-17.1,69.8,few clouds,0.0,0,68,20,9.17,PT,2020-06-19 01:48:07
113,Tokoroa,-38.23,175.87,55.0,heavy intensity rain,5.08,0,90,87,3.0,NZ,2020-06-19 01:48:07
114,Rongcheng,30.63,117.85,77.02,broken clouds,0.0,0,74,80,2.98,CN,2020-06-19 01:48:07
115,Bredasdorp,-34.53,20.04,59.0,clear sky,0.0,0,47,0,6.46,ZA,2020-06-19 01:45:19
116,Baykit,61.67,96.37,70.18,overcast clouds,0.0,0,35,96,9.37,RU,2020-06-19 01:48:07
117,Nikolskoye,59.7,30.79,62.6,fog,0.0,0,82,0,2.24,RU,2020-06-19 01:48:08
118,Lebu,-37.62,-73.65,53.58,light rain,0.48,0,86,67,11.32,CL,2020-06-19 01:45:14
119,Huarmey,-10.07,-78.15,62.4,few clouds,0.0,0,85,11,7.78,PE,2020-06-19 01:45:39
120,Biak,-0.91,122.88,82.76,light rain,0.36,0,73,93,8.1,ID,2020-06-19 01:48:08
121,Hithadhoo,-0.6,73.08,84.45,overcast clouds,0.0,0,75,93,6.42,MV,2020-06-19 01:48:08
122,Norman Wells,65.28,-126.83,77.0,broken clouds,0.0,0,38,75,4.7,CA,2020-06-19 01:48:09
123,Griffith,41.53,-87.42,79.0,clear sky,0.0,0,50,1,3.36,US,2020-06-19 01:47:45
124,Sandwick,60.0,-1.25,51.8,fog,0.0,0,100,93,14.99,GB,2020-06-19 01:45:27
125,Tabas,33.6,56.92,84.2,clear sky,0.0,0,15,2,4.7,IR,2020-06-19 01:48:09
126,Beian,63.66,9.57,55.99,few clouds,0.0,0,87,20,4.7,NO,2020-06-19 01:48:09
127,Jumla,29.27,82.18,66.33,scattered clouds,0.0,0,61,31,3.69,NP,2020-06-19 01:48:10
128,Boke,10.94,-14.3,77.58,overcast clouds,0.0,0,91,96,4.14,GN,2020-06-19 01:48:10
129,Kottagudem,17.55,80.63,80.24,light rain,0.12,0,82,100,8.21,IN,2020-06-19 01:48:10
130,Avarua,-21.21,-159.78,75.2,overcast clouds,0.0,0,64,87,12.75,CK,2020-06-19 01:48:10
131,Half Moon Bay,37.46,-122.43,84.2,haze,0.0,0,82,1,8.05,US,2020-06-19 01:46:31
132,Boali,4.8,18.13,77.0,thunderstorm,0.0,0,83,20,2.26,CF,2020-06-19 01:48:11
133,Adrar,20.5,-10.07,93.29,clear sky,0.0,0,20,0,14.58,MR,2020-06-19 01:48:11
134,Hami,42.8,93.45,86.05,overcast clouds,0.0,0,18,100,11.7,CN,2020-06-19 01:45:16
135,Labuhan,-6.88,112.21,81.77,scattered clouds,0.0,0,75,39,6.02,ID,2020-06-19 01:46:13
136,Anlu,31.17,112.58,75.99,overcast clouds,0.0,0,77,93,5.46,CN,2020-06-19 01:48:12
137,Kupang,-10.17,123.58,84.2,scattered clouds,0.0,0,62,40,19.46,ID,2020-06-19 01:48:12
138,Milos,36.75,24.43,71.6,clear sky,0.0,0,73,0,1.12,GR,2020-06-19 01:48:12
139,Chuy,-33.7,-53.46,55.13,broken clouds,0.0,0,88,80,7.31,UY,2020-06-19 01:45:11
140,Dingle,11.0,122.67,81.95,overcast clouds,0.0,0,74,100,5.01,PH,2020-06-19 01:48:12
141,Longyearbyen,78.22,15.64,46.4,few clouds,0.0,0,61,20,10.29,SJ,2020-06-19 01:48:12
142,Cherskiy,68.75,161.3,79.88,clear sky,0.0,0,25,0,10.6,RU,2020-06-19 01:48:13
143,Sinop,41.77,34.87,59.31,overcast clouds,0.0,0,76,97,3.53,TR,2020-06-19 01:48:13
144,Ingham,42.6,-84.38,78.8,clear sky,0.0,0,64,1,6.53,US,2020-06-19 01:48:13
145,Naze,28.37,129.48,89.6,broken clouds,0.0,0,66,75,21.92,JP,2020-06-19 01:48:13
146,Castro,-24.79,-50.01,57.6,broken clouds,0.0,0,95,65,4.88,BR,2020-06-19 01:48:13
147,Dunedin,-45.87,170.5,48.0,clear sky,0.0,0,74,3,25.99,NZ,2020-06-19 01:48:14
148,Bandarbeyla,9.49,50.81,81.52,scattered clouds,0.0,0,61,38,25.55,SO,2020-06-19 01:48:14
149,Beyneu,45.32,55.2,81.07,clear sky,0.0,0,23,0,8.52,KZ,2020-06-19 01:48:14
150,Santa Isabel,-23.32,-46.22,62.6,broken clouds,0.0,0,77,66,8.05,BR,2020-06-19 01:48:14
151,Polyarnyye Zori,67.37,32.5,46.67,light rain,0.15,0,83,62,14.09,RU,2020-06-19 01:48:15
152,Caranavi,-15.82,-67.55,64.06,broken clouds,0.0,0,92,83,1.12,BO,2020-06-19 01:48:15
153,Zyryanka,65.75,150.85,86.81,broken clouds,0.0,0,24,78,8.68,RU,2020-06-19 01:46:30
154,Yellowknife,62.46,-114.35,68.0,few clouds,0.0,0,34,20,16.11,CA,2020-06-19 01:48:15
155,Vao,-22.67,167.48,71.71,light rain,0.16,0,80,55,16.71,NC,2020-06-19 01:48:16
156,Balikpapan,-1.27,116.83,78.42,overcast clouds,0.0,0,92,100,8.66,ID,2020-06-19 01:48:16
157,Khandbari,27.37,87.2,74.34,light rain,0.43,0,77,100,0.38,NP,2020-06-19 01:48:16
158,Uyskoye,54.38,60.0,50.68,overcast clouds,0.0,0,66,100,1.52,RU,2020-06-19 01:48:16
159,Kathu,7.92,98.33,78.8,shower rain,0.0,0,88,40,1.12,TH,2020-06-19 01:48:16
160,Smithers,54.78,-127.17,62.6,light intensity shower rain,0.0,0,77,90,6.93,CA,2020-06-19 01:48:16
161,Caluquembe,-13.78,14.68,47.5,clear sky,0.0,0,70,0,3.89,AO,2020-06-19 01:48:17
162,Saint-Louis,16.33,-15.0,89.06,broken clouds,0.0,0,39,57,13.87,SN,2020-06-19 01:48:17
163,Broome,42.25,-75.83,66.99,clear sky,0.0,0,93,1,5.82,US,2020-06-19 01:48:17
164,Ostrovnoy,68.05,39.51,42.57,light rain,0.89,0,93,100,15.46,RU,2020-06-19 01:48:17
165,Xinzhou,38.41,112.73,78.75,broken clouds,0.0,0,45,83,2.57,CN,2020-06-19 01:48:17
166,Chingirlau,51.09,54.08,55.9,clear sky,0.0,0,75,0,9.28,KZ,2020-06-19 01:48:18
167,Almenara,-16.18,-40.69,69.58,light rain,0.29,0,88,94,2.3,BR,2020-06-19 01:48:18
168,Daru,-9.08,143.21,78.58,light rain,0.17,0,82,100,16.78,PG,2020-06-19 01:48:18
169,Paamiut,61.99,-49.67,38.21,clear sky,0.0,0,89,8,15.7,GL,2020-06-19 01:46:58
170,Saldanha,-33.01,17.94,62.6,clear sky,0.0,0,45,0,11.41,ZA,2020-06-19 01:48:19
171,Santiago,-33.46,-70.65,46.4,broken clouds,0.0,0,87,75,2.24,CL,2020-06-19 01:44:01
172,Banda Aceh,5.56,95.32,84.42,broken clouds,0.0,0,70,69,7.38,ID,2020-06-19 01:45:36
173,Kavaratti,10.57,72.64,84.7,overcast clouds,0.0,0,79,100,17.74,IN,2020-06-19 01:48:19
174,Torbay,47.67,-52.73,62.01,overcast clouds,0.0,0,72,90,13.87,CA,2020-06-19 01:48:19
175,Nishihara,26.18,127.76,86.0,broken clouds,0.0,0,79,75,25.28,JP,2020-06-19 01:48:19
176,Faanui,-16.48,-151.75,80.53,few clouds,0.0,0,74,12,1.25,PF,2020-06-19 01:48:20
177,Cacador,-26.78,-51.02,61.45,overcast clouds,0.0,0,87,86,6.82,BR,2020-06-19 01:48:20
178,Northam,51.03,-4.22,55.0,moderate rain,1.98,0,100,100,10.0,GB,2020-06-19 01:45:48
179,Cidreira,-30.18,-50.21,66.94,light rain,0.17,0,95,25,7.76,BR,2020-06-19 01:48:20
180,Sretensk,52.25,117.71,78.48,few clouds,0.0,0,26,12,7.05,RU,2020-06-19 01:48:21
181,Tiksi,71.69,128.87,55.83,overcast clouds,0.0,0,66,100,2.64,RU,2020-06-19 01:45:20
182,Itarema,-2.92,-39.92,78.06,light rain,0.18,0,82,0,12.21,BR,2020-06-19 01:48:21
183,Mar Del Plata,-38.0,-57.56,51.01,clear sky,0.0,0,87,0,9.17,AR,2020-06-19 01:44:38
184,Hasaki,35.73,140.83,66.2,light rain,0.0,0,100,75,12.75,JP,2020-06-19 01:48:21
185,Aleksandrov Gay,50.15,48.57,64.35,clear sky,0.0,0,68,3,17.67,RU,2020-06-19 01:48:21
186,Provideniya,64.38,-173.3,55.4,scattered clouds,0.0,0,62,29,11.18,RU,2020-06-19 01:48:22
187,Kaitangata,-46.28,169.85,50.0,few clouds,0.0,0,63,11,15.01,NZ,2020-06-19 01:48:22
188,Solnechnyy,50.72,136.63,46.76,overcast clouds,0.0,0,91,100,6.6,RU,2020-06-19 01:48:22
189,Teya,60.38,92.63,68.79,overcast clouds,0.0,0,39,100,10.07,RU,2020-06-19 01:48:22
190,Hailey,43.52,-114.32,62.6,overcast clouds,0.0,0,42,90,5.82,US,2020-06-19 01:48:22
191,Vestmanna,62.16,-7.17,48.2,broken clouds,0.0,0,100,72,4.7,FO,2020-06-19 01:48:23
192,Cottonwood,34.74,-112.01,89.01,clear sky,0.0,0,15,0,7.0,US,2020-06-19 01:48:23
193,Paengaroa,-37.82,176.42,60.01,light rain,0.51,0,98,66,5.99,NZ,2020-06-19 01:48:23
194,Togur,58.36,82.83,43.68,light rain,0.27,0,95,100,11.36,RU,2020-06-19 01:48:23
195,Vardo,70.37,31.11,44.85,broken clouds,0.0,0,77,82,22.66,NO,2020-06-19 01:48:23
196,Dosso,13.05,3.19,85.69,broken clouds,0.0,0,55,54,13.58,NE,2020-06-19 01:48:24
197,Talnakh,69.49,88.4,46.4,overcast clouds,0.0,0,65,100,15.66,RU,2020-06-19 01:45:10
198,Mahebourg,-20.41,57.7,71.6,shower rain,0.0,0,68,75,13.87,MU,2020-06-19 01:48:24
199,Verkhnevilyuysk,63.45,120.32,69.98,light rain,0.13,0,58,82,3.13,RU,2020-06-19 01:43:31
200,Whitefish,48.41,-114.34,64.4,scattered clouds,0.0,0,63,40,8.05,US,2020-06-19 01:45:14
201,Axim,4.87,-2.24,77.22,overcast clouds,0.0,0,84,96,12.24,GH,2020-06-19 01:48:25
202,Bayanday,53.07,105.51,68.68,overcast clouds,0.0,0,41,91,7.74,RU,2020-06-19 01:48:25
203,Road Town,18.42,-64.62,82.99,clear sky,0.0,0,85,3,17.0,VG,2020-06-19 01:48:25
204,Coquimbo,-29.95,-71.34,53.6,overcast clouds,0.0,0,81,100,9.17,CL,2020-06-19 01:48:26
205,Mokhsogollokh,61.47,128.92,75.9,broken clouds,0.0,0,38,51,8.86,RU,2020-06-19 01:48:26
206,Nong Khai,17.88,102.74,82.99,broken clouds,0.0,0,100,75,4.7,TH,2020-06-19 01:48:26
207,Dikson,73.51,80.55,32.86,overcast clouds,0.0,0,99,100,14.32,RU,2020-06-19 01:45:18
208,Pevek,69.7,170.31,42.4,clear sky,0.0,0,65,0,9.24,RU,2020-06-19 01:48:26
209,Deputatskiy,69.3,139.9,81.41,clear sky,0.0,0,27,0,8.48,RU,2020-06-19 01:48:27
210,Faya,18.39,42.45,69.8,broken clouds,0.0,0,56,64,3.49,SA,2020-06-19 01:48:27
211,Vrangel,42.73,133.08,55.24,overcast clouds,0.0,0,82,94,9.98,RU,2020-06-19 01:48:27
212,Sur,22.57,59.53,84.88,clear sky,0.0,0,65,0,7.74,OM,2020-06-19 01:48:27
213,Pisco,-13.7,-76.22,64.4,overcast clouds,0.0,0,82,90,11.41,PE,2020-06-19 01:48:27
214,Ust-Ishim,57.69,71.17,46.8,broken clouds,0.0,0,54,74,8.59,RU,2020-06-19 01:48:28
215,Chardara,41.25,67.97,72.05,clear sky,0.0,0,31,0,6.02,KZ,2020-06-19 01:48:28
216,Bathsheba,13.22,-59.52,82.4,few clouds,0.0,0,78,20,19.46,BB,2020-06-19 01:45:19
217,Thai Binh,20.45,106.33,87.8,scattered clouds,0.0,0,79,40,13.87,VN,2020-06-19 01:48:28
218,Beringovskiy,63.05,179.32,51.04,clear sky,0.0,0,54,4,4.14,RU,2020-06-19 01:48:28
219,Portland,45.52,-122.68,80.6,broken clouds,0.0,0,32,75,11.41,US,2020-06-19 01:46:52
220,Antofagasta,-23.65,-70.4,59.0,overcast clouds,0.0,0,82,90,4.7,CL,2020-06-19 01:48:29
221,Tuktoyaktuk,69.45,-133.04,44.6,few clouds,0.0,0,81,20,9.17,CA,2020-06-19 01:48:29
222,Brazzaville,-4.27,15.28,72.77,overcast clouds,0.0,0,63,100,0.78,CG,2020-06-19 01:48:29
223,Kisumu,-0.1,34.76,64.33,broken clouds,0.0,0,84,78,3.09,KE,2020-06-19 01:45:04
224,Arlit,18.74,7.39,90.52,clear sky,0.0,0,12,0,8.57,NE,2020-06-19 01:48:29
225,Leinfelden-Echterdingen,48.69,9.17,60.01,overcast clouds,0.0,0,77,99,2.24,DE,2020-06-19 01:48:30
226,Santa Elena,-2.23,-80.85,75.2,overcast clouds,0.0,0,83,100,11.41,EC,2020-06-19 01:48:30
227,Suntar,62.14,117.63,66.31,broken clouds,0.0,0,58,77,3.44,RU,2020-06-19 01:48:30
228,Lakes Entrance,-37.88,147.98,64.99,overcast clouds,0.0,0,59,98,1.99,AU,2020-06-19 01:48:30
229,La Joya,18.67,-99.47,76.64,scattered clouds,0.0,0,62,36,4.0,MX,2020-06-19 01:48:31
230,Komsomolskiy,40.43,71.72,66.2,clear sky,0.0,0,37,0,2.24,UZ,2020-06-19 01:45:10
231,Manhush,47.06,37.31,73.99,overcast clouds,0.0,0,100,100,14.0,UA,2020-06-19 01:48:31
232,Port Hedland,-20.32,118.57,73.4,clear sky,0.0,0,64,0,8.05,AU,2020-06-19 01:48:31
233,Sorland,67.67,12.69,47.93,clear sky,0.0,0,83,0,20.13,NO,2020-06-19 01:48:31
234,Piranshahr,36.7,45.14,58.82,clear sky,0.0,0,37,0,1.68,IR,2020-06-19 01:44:28
235,Partapur,23.6,74.17,85.28,overcast clouds,0.0,0,71,91,15.73,IN,2020-06-19 01:48:32
236,El Ermitano,20.21,-97.51,77.92,few clouds,0.0,0,85,14,4.7,MX,2020-06-19 01:48:32
237,Khasan,42.43,130.64,60.57,scattered clouds,0.0,0,76,43,7.81,RU,2020-06-19 01:48:33
238,Mehamn,71.04,27.85,43.09,light rain,0.12,0,78,100,24.07,NO,2020-06-19 01:48:33
239,Monrovia,6.3,-10.8,75.2,light rain,0.0,0,94,75,8.37,LR,2020-06-19 01:46:23
240,Uspenskaya,45.76,41.07,62.31,scattered clouds,0.0,0,64,36,8.99,RU,2020-06-19 01:48:33
241,Kisanga,-7.44,37.7,69.75,broken clouds,0.0,0,84,69,1.86,TZ,2020-06-19 01:48:33
242,Chernyshevskiy,63.01,112.47,60.21,overcast clouds,0.0,0,60,91,2.1,RU,2020-06-19 01:48:33
243,Los Llanos De Aridane,28.66,-17.92,71.6,scattered clouds,0.0,0,78,40,12.75,ES,2020-06-19 01:48:34
244,Yar-Sale,66.83,70.83,40.95,overcast clouds,0.0,0,71,87,12.28,RU,2020-06-19 01:48:34
245,Buraydah,26.33,43.98,77.0,overcast clouds,0.0,0,31,90,4.7,SA,2020-06-19 01:45:36
246,Behbahan,30.6,50.24,75.2,clear sky,0.0,0,22,0,1.72,IR,2020-06-19 01:48:34
247,Oranjemund,-28.55,16.43,68.56,clear sky,0.0,0,31,0,12.95,NA,2020-06-19 01:48:34
248,Atherton,53.52,-2.49,57.0,scattered clouds,0.0,0,87,50,3.0,GB,2020-06-19 01:48:35
249,Touros,-5.2,-35.46,71.6,shower rain,0.0,0,100,75,3.36,BR,2020-06-19 01:48:35
250,Nuuk,64.18,-51.72,35.6,overcast clouds,0.0,0,93,100,8.05,GL,2020-06-19 01:48:35
251,Coahuayana,18.73,-103.68,79.36,few clouds,0.0,0,67,17,2.93,MX,2020-06-19 01:48:35
252,Awbari,26.59,12.78,77.77,clear sky,0.0,0,17,0,9.57,LY,2020-06-19 01:48:35
253,Woodward,36.43,-99.39,91.4,clear sky,0.0,0,43,1,17.22,US,2020-06-19 01:48:35
254,Rantauprapat,2.1,99.83,79.23,overcast clouds,0.0,0,71,92,0.81,ID,2020-06-19 01:48:36
255,Raga,8.46,25.68,69.42,scattered clouds,0.0,0,94,27,4.99,SS,2020-06-19 01:48:36
256,Lorengau,-2.02,147.27,83.66,moderate rain,1.31,0,77,5,6.91,PG,2020-06-19 01:48:36
257,Esil,51.96,66.4,52.2,clear sky,0.0,0,59,0,11.14,KZ,2020-06-19 01:48:36
258,Anchorage,61.22,-149.9,66.2,overcast clouds,0.0,0,48,90,4.7,US,2020-06-19 01:45:03
259,Alice Springs,-23.7,133.88,68.0,clear sky,0.0,0,42,0,1.12,AU,2020-06-19 01:43:57
260,Meadow Lake,34.8,-106.54,87.8,smoke,0.0,0,7,20,9.17,US,2020-06-19 01:46:07
261,Nhulunbuy,-12.23,136.77,81.77,overcast clouds,0.0,0,65,95,17.85,AU,2020-06-19 01:48:37
262,Egvekinot,66.32,-179.17,63.03,clear sky,0.0,0,34,0,0.69,RU,2020-06-19 01:48:37
263,Ormond Beach,29.29,-81.06,81.0,broken clouds,0.0,0,83,75,8.05,US,2020-06-19 01:45:09
264,Mount Gambier,-37.83,140.77,55.4,scattered clouds,0.0,0,66,25,16.11,AU,2020-06-19 01:45:39
265,Saint George,37.1,-113.58,90.0,clear sky,0.0,0,9,1,11.41,US,2020-06-19 01:45:21
266,Rocha,-34.48,-54.33,53.46,overcast clouds,0.0,0,79,86,8.7,UY,2020-06-19 01:48:38
267,Lubango,-14.92,13.49,49.46,clear sky,0.0,0,61,1,4.97,AO,2020-06-19 01:48:38
268,Russell,32.35,-85.2,82.4,overcast clouds,0.0,0,78,90,3.0,US,2020-06-19 01:48:38
269,Saint-Georges,12.06,-61.75,80.6,few clouds,0.0,0,88,20,10.29,GD,2020-06-19 01:48:39
270,Pytalovo,57.07,27.91,63.97,scattered clouds,0.0,0,93,34,3.96,RU,2020-06-19 01:48:39
271,Havelock,34.88,-76.9,75.99,clear sky,0.0,0,85,0,5.91,US,2020-06-19 01:46:18
272,Leningradskiy,69.38,178.42,45.66,clear sky,0.0,0,59,0,7.74,RU,2020-06-19 01:48:39
273,Narsaq,60.92,-46.05,41.0,overcast clouds,0.0,0,79,99,6.93,GL,2020-06-19 01:48:39
274,Ancud,-41.87,-73.82,48.99,broken clouds,0.0,0,93,75,11.41,CL,2020-06-19 01:48:40
275,Walvis Bay,-22.96,14.51,73.08,clear sky,0.0,0,29,0,17.18,NA,2020-06-19 01:48:40
276,Kokkola,63.84,23.13,57.2,overcast clouds,0.0,0,93,90,4.7,FI,2020-06-19 01:48:40
277,Bambous Virieux,-20.34,57.76,71.6,shower rain,0.0,0,68,75,13.87,MU,2020-06-19 01:48:40
278,Beruwala,6.48,79.98,83.37,light rain,0.12,0,82,17,10.4,LK,2020-06-19 01:48:40
279,Victoria,22.29,114.16,89.01,broken clouds,0.0,0,62,66,10.0,HK,2020-06-19 01:45:24
280,Praia Da Vitoria,38.73,-27.07,62.6,few clouds,0.0,0,82,20,6.2,PT,2020-06-19 01:48:41
281,Linxia,35.6,103.21,71.87,scattered clouds,0.0,0,41,27,3.42,CN,2020-06-19 01:48:41
282,Dalianwan,39.03,121.69,80.6,clear sky,0.0,0,54,3,6.71,CN,2020-06-19 01:48:41
283,Garissa,-0.45,39.64,74.79,scattered clouds,0.0,0,75,35,17.02,KE,2020-06-19 01:48:42
284,Okha,53.57,142.95,40.15,light rain,0.13,0,96,100,9.44,RU,2020-06-19 01:48:42
285,Geraldton,-28.77,114.6,55.4,clear sky,0.0,0,76,0,6.93,AU,2020-06-19 01:48:42
286,Jasper,37.2,-94.35,82.99,clear sky,0.0,0,54,1,6.93,US,2020-06-19 01:46:03
287,Bahia Blanca,-38.72,-62.27,53.6,few clouds,0.0,0,48,12,16.55,AR,2020-06-19 01:48:42
288,Marsabit,2.33,37.99,62.74,overcast clouds,0.0,0,94,98,18.77,KE,2020-06-19 01:48:43
289,Novyy Urengoy,66.08,76.63,44.85,clear sky,0.0,0,58,0,10.6,RU,2020-06-19 01:48:43
290,Goderich,43.75,-81.72,66.99,clear sky,0.0,0,68,0,9.91,CA,2020-06-19 01:48:43
291,Juru,5.31,100.44,82.4,few clouds,0.0,0,83,20,3.36,MY,2020-06-19 01:45:50
292,Clarence Town,-32.58,151.78,64.0,few clouds,0.0,0,72,20,5.82,AU,2020-06-19 01:48:43
293,Kavieng,-2.57,150.8,85.46,clear sky,0.0,0,64,2,1.57,PG,2020-06-19 01:45:31
294,Meulaboh,4.14,96.13,82.69,few clouds,0.0,0,71,11,4.85,ID,2020-06-19 01:48:44
295,Muroto,33.28,134.15,71.6,light intensity shower rain,0.0,0,100,75,2.24,JP,2020-06-19 01:48:44
296,Bilibino,68.05,166.44,77.68,clear sky,0.0,0,21,0,11.03,RU,2020-06-19 01:48:44
297,Gat,31.61,34.76,69.01,scattered clouds,0.0,0,82,38,6.49,IL,2020-06-19 01:47:02
298,Rawson,-43.3,-65.1,53.53,clear sky,0.0,0,49,0,23.76,AR,2020-06-19 01:48:45
299,Sitka,57.05,-135.33,53.6,mist,0.0,0,93,90,8.05,US,2020-06-19 01:48:45
300,Ossora,59.24,163.07,60.1,clear sky,0.0,0,64,6,7.4,RU,2020-06-19 01:48:45
301,Aklavik,68.22,-135.01,64.4,scattered clouds,0.0,0,55,40,8.05,CA,2020-06-19 01:48:46
302,Ormara,25.21,64.64,83.8,scattered clouds,0.0,0,82,45,5.93,PK,2020-06-19 01:48:46
303,Devonport,-41.17,146.35,57.0,overcast clouds,0.0,0,96,100,4.14,AU,2020-06-19 01:48:46
304,Snezhnogorsk,69.19,33.25,44.6,broken clouds,0.0,0,93,75,4.47,RU,2020-06-19 01:48:46
305,Charagua,-19.8,-63.22,61.47,clear sky,0.0,0,69,3,3.13,BO,2020-06-19 01:48:46
306,Soanierana Ivongo,-16.92,49.58,67.77,light rain,0.28,0,87,99,10.09,MG,2020-06-19 01:48:47
307,Rovenki,48.08,39.38,66.51,overcast clouds,0.0,0,55,99,9.26,UA,2020-06-19 01:48:47
308,Townsville,-19.25,146.8,77.0,few clouds,0.0,0,57,20,17.22,AU,2020-06-19 01:48:47
309,Peniche,39.36,-9.38,62.01,clear sky,0.0,0,84,0,7.0,PT,2020-06-19 01:48:47
310,Ilulissat,69.22,-51.1,35.6,scattered clouds,0.0,0,93,36,4.7,GL,2020-06-19 01:48:48
311,Talaya,61.38,152.75,70.92,broken clouds,0.0,0,37,80,10.29,RU,2020-06-19 01:48:48
312,Christchurch,-43.53,172.63,46.0,light rain,0.25,0,100,100,12.75,NZ,2020-06-19 01:45:45
313,Moron,-34.65,-58.62,57.99,scattered clouds,0.0,0,86,34,4.63,AR,2020-06-19 01:48:48
314,Neiafu,-18.65,-173.98,78.8,few clouds,0.0,0,65,20,9.17,TO,2020-06-19 01:48:48
315,Kahului,20.89,-156.47,87.8,few clouds,0.0,0,52,20,21.92,US,2020-06-19 01:48:49
316,Drexel Heights,32.14,-111.03,97.0,clear sky,0.0,0,3,1,12.75,US,2020-06-19 01:48:49
317,Senj,44.99,14.91,66.2,few clouds,0.0,0,77,20,5.82,HR,2020-06-19 01:48:49
318,Wuda,39.5,106.71,87.46,few clouds,0.0,0,20,20,11.65,CN,2020-06-19 01:48:49
319,Yerofey Pavlovich,53.97,121.97,52.84,overcast clouds,0.0,0,92,100,9.17,RU,2020-06-19 01:48:49
320,Dicabisagan,17.08,122.42,87.98,clear sky,0.0,0,65,0,7.54,PH,2020-06-19 01:48:50
321,Dawei,14.08,98.2,81.23,moderate rain,1.12,0,80,100,2.39,MM,2020-06-19 01:48:50
322,Riyadh,24.69,46.72,82.4,clear sky,0.0,0,15,0,8.05,SA,2020-06-19 01:48:02
323,Tahoua,14.89,5.27,87.8,broken clouds,0.0,0,48,81,6.93,NE,2020-06-19 01:48:50
324,Ivanovskaya,55.28,39.12,64.4,clear sky,0.0,0,93,5,6.71,RU,2020-06-19 01:48:51
325,Paka,4.64,103.44,83.46,overcast clouds,0.0,0,71,100,3.49,MY,2020-06-19 01:48:51
326,Erenhot,43.65,111.98,78.12,clear sky,0.0,0,31,0,11.39,CN,2020-06-19 01:48:51
327,Cabo San Lucas,22.89,-109.91,87.8,clear sky,0.0,0,27,5,18.34,MX,2020-06-19 01:45:10
328,Puerto Colombia,10.99,-74.95,82.4,smoke,0.0,0,83,75,9.17,CO,2020-06-19 01:48:52
329,Luderitz,-26.65,15.16,69.8,clear sky,0.0,0,29,0,5.82,NA,2020-06-19 01:48:52
330,Usinsk,65.99,57.53,45.41,overcast clouds,0.0,0,58,96,16.96,RU,2020-06-19 01:48:52
331,Muravlenko,63.79,74.52,43.83,clear sky,0.0,0,60,0,15.37,RU,2020-06-19 01:48:52
332,Mitsamiouli,-11.38,43.28,77.74,clear sky,0.0,0,62,0,11.07,KM,2020-06-19 01:48:52
333,Esperance,-33.87,121.9,51.8,scattered clouds,0.0,0,100,40,11.41,AU,2020-06-19 01:48:53
334,Pangnirtung,66.15,-65.71,38.07,overcast clouds,0.0,0,76,98,1.79,CA,2020-06-19 01:45:34
335,Atlantic City,39.36,-74.42,69.8,overcast clouds,0.0,0,83,90,3.36,US,2020-06-19 01:48:53
336,Balkhash,46.84,74.98,69.8,clear sky,0.0,0,64,0,11.18,KZ,2020-06-19 01:48:54
337,Severnyy,50.68,36.55,68.0,overcast clouds,0.0,0,72,88,8.95,RU,2020-06-19 01:48:54
338,Carutapera,-1.2,-46.02,74.52,overcast clouds,0.0,0,92,100,6.6,BR,2020-06-19 01:48:54
339,Te Anau,-45.42,167.72,44.87,clear sky,0.0,0,60,0,0.89,NZ,2020-06-19 01:48:54
340,Port Lincoln,-34.73,135.87,61.57,clear sky,0.0,0,63,1,18.12,AU,2020-06-19 01:48:55
341,Chumikan,54.72,135.31,42.12,overcast clouds,0.0,0,90,100,6.96,RU,2020-06-19 01:48:55
342,Namibe,-15.2,12.15,71.37,clear sky,0.0,0,57,0,4.56,AO,2020-06-19 01:48:55
343,Sobinka,55.99,40.01,59.04,clear sky,0.0,0,94,6,5.61,RU,2020-06-19 01:48:55
344,Cabog,15.32,121.37,88.32,few clouds,0.0,0,63,18,5.37,PH,2020-06-19 01:48:55
345,Keetmanshoop,-26.58,18.13,57.2,clear sky,0.0,0,33,0,12.75,NA,2020-06-19 01:48:55
346,Pekalongan,-6.89,109.68,66.99,overcast clouds,0.0,0,54,95,2.17,ID,2020-06-19 01:48:56
347,Uruzgan,32.83,66.0,71.33,clear sky,0.0,0,23,0,8.01,AF,2020-06-19 01:48:56
348,Challapata,-18.9,-66.77,38.34,clear sky,0.0,0,54,0,1.95,BO,2020-06-19 01:48:56
349,Jacareacanga,-6.22,-57.75,78.91,overcast clouds,0.0,0,70,99,1.66,BR,2020-06-19 01:48:57
350,Odweyne,9.41,45.06,70.97,overcast clouds,0.0,0,62,97,14.2,SO,2020-06-19 01:48:57
351,Puerto Lopez,4.08,-72.96,72.05,overcast clouds,0.0,0,93,92,2.68,CO,2020-06-19 01:48:57
352,Kismayo,-0.36,42.55,76.03,light rain,0.2,0,87,53,12.95,SO,2020-06-19 01:48:57
353,Olafsvik,64.89,-23.71,48.15,overcast clouds,0.0,0,79,99,13.71,IS,2020-06-19 01:48:58
354,Mercedes,-34.65,-59.43,51.01,few clouds,0.0,0,94,15,6.06,AR,2020-06-19 01:48:58
355,Muskegon,43.3,-86.13,77.0,clear sky,0.0,0,53,1,5.68,US,2020-06-19 01:48:58
356,Pacifica,37.61,-122.49,80.6,haze,0.0,0,82,1,8.05,US,2020-06-19 01:47:40
357,Corozal,9.32,-75.29,76.51,moderate rain,1.37,0,93,86,7.52,CO,2020-06-19 01:48:58
358,Georgiyevskoye,58.73,45.02,52.41,scattered clouds,0.0,0,79,43,4.23,RU,2020-06-19 01:48:58
359,Hearst,49.68,-83.67,69.24,clear sky,0.0,0,57,0,6.6,CA,2020-06-19 01:48:59
360,Karratha,-20.74,116.85,80.71,clear sky,0.0,0,37,0,11.77,AU,2020-06-19 01:48:59
361,Bambanglipuro,-7.95,110.28,82.27,scattered clouds,0.0,0,76,28,15.99,ID,2020-06-19 01:48:59
362,Brae,60.4,-1.35,50.0,mist,0.0,0,100,100,10.29,GB,2020-06-19 01:48:59
363,Beira,-19.84,34.84,64.4,broken clouds,0.0,0,93,75,10.29,MZ,2020-06-19 01:49:00
364,Kulhudhuffushi,6.62,73.07,84.24,broken clouds,0.0,0,77,63,12.3,MV,2020-06-19 01:49:00
365,El Dorado,33.21,-92.67,82.4,clear sky,0.0,0,65,1,4.7,US,2020-06-19 01:49:00
366,Digha,21.68,87.55,86.77,light rain,0.25,0,70,100,11.1,IN,2020-06-19 01:49:00
367,Monze,-16.28,27.48,49.01,clear sky,0.0,0,71,1,5.7,ZM,2020-06-19 01:49:01
368,Kolpashevo,58.31,82.91,43.84,light rain,0.22,0,95,100,11.39,RU,2020-06-19 01:49:01
369,Noumea,-22.28,166.46,78.8,broken clouds,0.0,0,57,75,13.87,NC,2020-06-19 01:49:01
370,Xinyang,32.12,114.07,79.38,scattered clouds,0.0,0,68,30,4.9,CN,2020-06-19 01:49:01
371,Lagoa,39.05,-27.98,63.91,clear sky,0.0,0,90,0,12.95,PT,2020-06-19 01:49:02
372,Emerald,-23.53,148.17,71.6,scattered clouds,0.0,0,56,40,14.99,AU,2020-06-19 01:49:02
373,Katsuura,35.13,140.3,68.0,light intensity shower rain,0.0,0,94,75,13.87,JP,2020-06-19 01:49:02
374,Port Blair,11.67,92.75,84.42,overcast clouds,0.0,0,79,99,12.86,IN,2020-06-19 01:49:02
375,Sitges,41.24,1.81,66.0,scattered clouds,0.0,0,78,27,5.75,ES,2020-06-19 01:49:03
376,Namatanai,-3.67,152.43,84.76,light rain,0.44,0,72,21,1.59,PG,2020-06-19 01:49:03
377,Grao Mogol,-16.56,-42.89,56.86,clear sky,0.0,0,95,7,3.67,BR,2020-06-19 01:49:03
378,Tual,-5.67,132.75,81.39,clear sky,0.0,0,82,8,20.0,ID,2020-06-19 01:49:03
379,Oranjestad,12.52,-70.03,82.4,few clouds,0.0,0,74,20,20.8,AW,2020-06-19 01:46:20
380,Sandnessjoen,66.02,12.63,48.2,broken clouds,0.0,0,100,60,3.36,NO,2020-06-19 01:49:04
381,Kapuskasing,49.42,-82.43,78.8,clear sky,0.0,0,39,5,9.17,CA,2020-06-19 01:49:04
382,Pacific Grove,36.62,-121.92,71.6,clear sky,0.0,0,49,1,5.82,US,2020-06-19 01:49:04
383,Salym,60.06,71.48,46.53,clear sky,0.0,0,56,0,8.75,RU,2020-06-19 01:45:37
384,Pedernales,18.04,-71.74,80.89,overcast clouds,0.0,0,70,98,7.96,DO,2020-06-19 01:49:04
385,Vila Velha,-20.33,-40.29,66.99,clear sky,0.0,0,93,2,4.74,BR,2020-06-19 01:49:05
386,Tingo Maria,-9.29,-76.01,69.76,clear sky,0.0,0,84,2,1.68,PE,2020-06-19 01:49:05
387,Balezino,57.98,53.01,50.92,few clouds,0.0,0,72,11,1.5,RU,2020-06-19 01:49:05
388,Barabinsk,55.36,78.36,49.14,clear sky,0.0,0,79,0,11.7,RU,2020-06-19 01:49:05
389,Concepcion Del Uruguay,-32.48,-58.24,52.0,overcast clouds,0.0,0,94,100,5.01,AR,2020-06-19 01:49:05
390,Lata,40.16,-8.33,60.01,clear sky,0.0,0,89,9,4.0,PT,2020-06-19 01:49:06
391,Strezhevoy,60.73,77.59,46.4,overcast clouds,0.0,0,65,88,8.95,RU,2020-06-19 01:49:06
392,Yacuiba,-22.04,-63.68,59.79,clear sky,0.0,0,62,0,3.24,BO,2020-06-19 01:49:06
393,Trinidad,-14.83,-64.9,74.3,scattered clouds,0.0,0,78,41,2.28,BO,2020-06-19 01:49:06
394,Pires Do Rio,-17.3,-48.28,60.66,overcast clouds,0.0,0,84,90,2.24,BR,2020-06-19 01:49:07
395,Ponta Delgada,37.73,-25.67,64.4,broken clouds,0.0,0,72,75,2.24,PT,2020-06-19 01:49:07
396,Virginia Beach,36.85,-75.98,73.0,scattered clouds,0.0,0,83,40,5.82,US,2020-06-19 01:48:34
397,Taloqan,36.74,69.53,78.15,clear sky,0.0,0,17,0,2.89,AF,2020-06-19 01:49:07
398,Kangaatsiaq,68.31,-53.46,37.13,clear sky,0.0,0,88,2,10.87,GL,2020-06-19 01:46:58
399,Excelsior Springs,39.34,-94.23,82.4,clear sky,0.0,0,51,1,5.82,US,2020-06-19 01:49:08
400,Pontianak,-0.03,109.33,83.73,overcast clouds,0.0,0,75,100,2.55,ID,2020-06-19 01:49:08
401,Anadyr,64.75,177.48,69.8,few clouds,0.0,0,28,20,11.18,RU,2020-06-19 01:49:08
402,Aasiaat,68.71,-52.87,33.75,clear sky,0.0,0,91,7,5.73,GL,2020-06-19 01:49:09
403,Iskateley,67.68,53.15,50.09,overcast clouds,0.0,0,70,100,11.97,RU,2020-06-19 01:49:09
404,Laguna,38.42,-121.42,96.01,clear sky,0.0,0,10,1,5.82,US,2020-06-19 01:45:56
405,Lang Suan,9.95,99.08,78.8,few clouds,0.0,0,94,20,1.12,TH,2020-06-19 01:49:09
406,Nome,64.5,-165.41,64.99,scattered clouds,0.0,0,81,40,6.93,US,2020-06-19 01:49:09
407,Wanning,18.8,110.4,85.87,light rain,0.25,0,77,96,11.45,CN,2020-06-19 01:49:10
408,Asau,46.43,26.4,61.0,broken clouds,0.0,0,97,77,3.71,RO,2020-06-19 01:49:10
409,Oussouye,12.48,-16.55,82.4,broken clouds,0.0,0,94,75,4.7,SN,2020-06-19 01:49:10
410,Lasa,46.62,10.7,46.4,broken clouds,0.0,0,87,75,9.17,IT,2020-06-19 01:46:26
411,Mao,39.89,4.27,66.2,scattered clouds,0.0,0,88,28,10.29,ES,2020-06-19 01:49:11
412,Fare,-16.7,-151.02,81.41,light rain,0.49,0,76,31,6.91,PF,2020-06-19 01:49:11
413,Port Elizabeth,-33.92,25.57,50.0,clear sky,0.0,0,71,0,4.7,ZA,2020-06-19 01:49:11
414,Ulaangom,49.98,92.07,69.73,clear sky,0.0,0,32,0,7.09,MN,2020-06-19 01:49:11
415,Timizart,36.8,4.27,63.43,broken clouds,0.0,0,81,59,5.93,DZ,2020-06-19 01:49:11
416,Fortuna,40.6,-124.16,66.0,few clouds,0.0,0,82,20,13.87,US,2020-06-19 01:49:12
417,Aksu,41.12,80.26,73.08,overcast clouds,0.0,0,36,100,10.51,CN,2020-06-19 01:49:12
418,Nalut,30.33,10.85,80.53,clear sky,0.0,0,15,0,12.3,LY,2020-06-19 01:49:12
419,High Level,58.52,-117.14,75.2,few clouds,0.0,0,47,20,8.05,CA,2020-06-19 01:49:12
420,Metsavan,41.2,44.23,53.6,scattered clouds,0.0,0,87,40,8.05,AM,2020-06-19 01:49:12
421,Fairbanks,64.84,-147.72,75.2,broken clouds,0.0,0,27,75,3.36,US,2020-06-19 01:44:48
422,Ustka,54.58,16.86,60.62,clear sky,0.0,0,93,0,5.55,PL,2020-06-19 01:49:13
423,Dudinka,69.41,86.18,46.4,overcast clouds,0.0,0,65,100,15.66,RU,2020-06-19 01:49:13
424,Ahipara,-35.17,173.17,57.51,light rain,0.11,0,62,17,11.36,NZ,2020-06-19 01:49:13
425,Petropavlovsk-Kamchatskiy,53.05,158.65,48.2,broken clouds,0.0,0,87,75,6.71,RU,2020-06-19 01:49:13
426,Lipin Bor,60.26,37.98,60.31,light rain,0.51,0,95,26,9.33,RU,2020-06-19 01:49:14
427,Chake Chake,-5.25,39.77,77.83,clear sky,0.0,0,74,0,13.8,TZ,2020-06-19 01:49:14
428,Zadar,44.12,15.24,59.0,few clouds,0.0,0,100,20,4.7,HR,2020-06-19 01:49:14
429,Gambela,8.25,34.58,69.35,overcast clouds,0.0,0,92,100,2.44,ET,2020-06-19 01:49:14
430,Fruitvale,39.08,-108.5,80.6,clear sky,0.0,0,5,1,16.11,US,2020-06-19 01:49:15
431,Vagay,57.94,69.02,46.38,few clouds,0.0,0,56,20,8.52,RU,2020-06-19 01:49:15
432,Salinas,36.68,-121.66,71.6,clear sky,0.0,0,63,1,12.75,US,2020-06-19 01:44:51
433,Andenes,69.31,16.12,42.8,broken clouds,0.0,0,75,77,10.29,NO,2020-06-19 01:49:15
434,Cap Malheureux,-19.98,57.61,71.01,broken clouds,0.0,0,71,83,7.0,MU,2020-06-19 01:45:02
435,Bitung,1.45,125.18,87.8,few clouds,0.0,0,62,20,2.24,ID,2020-06-19 01:49:15
436,Tawang,27.58,91.87,59.63,moderate rain,1.45,0,79,100,0.27,IN,2020-06-19 01:49:16
437,Nchelenge,-9.35,28.73,57.63,few clouds,0.0,0,69,16,7.27,ZM,2020-06-19 01:49:16
438,Mana,5.66,-53.78,77.4,overcast clouds,0.0,0,86,100,7.11,GF,2020-06-19 01:46:29
439,Magadan,59.57,150.8,58.03,clear sky,0.0,0,68,3,7.25,RU,2020-06-19 01:49:16
440,Hobyo,5.35,48.53,78.31,scattered clouds,0.0,0,74,49,23.26,SO,2020-06-19 01:49:16
441,Port Macquarie,-31.43,152.92,64.99,scattered clouds,0.0,0,73,47,3.62,AU,2020-06-19 01:49:17
442,Dwarka,22.24,68.97,85.86,few clouds,0.0,0,77,16,12.53,IN,2020-06-19 01:49:17
443,Razdolnoye,43.55,131.92,69.8,broken clouds,0.0,0,68,75,4.47,RU,2020-06-19 01:49:17
444,Poso,-1.4,120.75,87.03,broken clouds,0.0,0,61,80,2.1,ID,2020-06-19 01:49:17
445,Shimoda,34.67,138.95,66.2,light intensity shower rain,0.0,0,93,75,19.46,JP,2020-06-19 01:49:17
446,Panama City,8.99,-79.52,80.6,light rain,0.58,0,83,97,6.93,PA,2020-06-19 01:48:45
447,Remuna,21.53,86.87,87.78,overcast clouds,0.0,0,62,88,9.15,IN,2020-06-19 01:49:18
448,Yarada,17.65,83.27,82.4,mist,0.0,0,78,75,4.7,IN,2020-06-19 01:49:18
449,Cabedelo,-6.98,-34.83,73.4,light rain,0.0,0,100,90,8.05,BR,2020-06-19 01:49:18
450,Vysokaya Gora,55.91,49.3,50.0,clear sky,0.0,0,76,0,3.18,RU,2020-06-19 01:49:18
451,Grand Forks,47.93,-97.03,66.2,scattered clouds,0.0,0,52,40,12.75,US,2020-06-19 01:49:19
452,Norrtalje,59.76,18.7,60.01,clear sky,0.0,0,93,0,3.36,SE,2020-06-19 01:49:19
453,Ambon,-3.7,128.18,81.0,light rain,0.0,0,94,75,5.82,ID,2020-06-19 01:45:13
454,Saint-Joseph,-21.37,55.62,69.8,broken clouds,0.0,0,64,64,17.22,RE,2020-06-19 01:49:19
455,Tadine,-21.55,167.88,72.91,light rain,0.56,0,79,62,15.84,NC,2020-06-19 01:49:20
456,Kloulklubed,7.04,134.26,84.2,shower rain,0.0,0,74,75,9.17,PW,2020-06-19 01:49:20
457,Valdez,1.25,-78.98,78.1,moderate rain,1.87,0,86,100,9.42,EC,2020-06-19 01:49:20
458,Araouane,18.9,-3.53,89.8,clear sky,0.0,0,41,4,20.87,ML,2020-06-19 01:49:20
459,Hargeysa,9.56,44.06,68.86,broken clouds,0.0,0,64,76,30.06,SO,2020-06-19 01:49:20
460,Chaykovskaya,58.13,55.54,41.0,clear sky,0.0,0,100,0,4.47,RU,2020-06-19 01:49:21
461,Rio Grande,-32.03,-52.1,59.0,overcast clouds,0.0,0,87,97,7.0,BR,2020-06-19 01:45:35
462,Khorixas,-20.37,14.97,55.67,clear sky,0.0,0,40,0,12.15,NA,2020-06-19 01:49:21
463,Umm Lajj,25.02,37.27,79.66,clear sky,0.0,0,53,0,4.99,SA,2020-06-19 01:49:21
464,Gazli,40.13,63.45,77.76,clear sky,0.0,0,17,0,8.84,UZ,2020-06-19 01:49:21
465,Mayya,61.73,130.28,71.6,clear sky,0.0,0,40,0,4.47,RU,2020-06-19 01:49:22
466,Honiara,-9.43,159.95,91.4,scattered clouds,0.0,0,66,40,8.05,SB,2020-06-19 01:49:22
467,Imeni Poliny Osipenko,52.42,136.49,55.36,overcast clouds,0.0,0,71,100,12.17,RU,2020-06-19 01:49:22
468,Cuamba,-14.8,36.54,59.07,clear sky,0.0,0,91,2,6.55,MZ,2020-06-19 01:49:22
469,Cockburn Town,21.46,-71.14,82.53,clear sky,0.0,0,80,1,18.68,TC,2020-06-19 01:49:22
470,San Quintin,30.48,-115.95,64.47,clear sky,0.0,0,69,0,9.13,MX,2020-06-19 01:49:22
471,Guerrero Negro,27.98,-114.06,65.23,clear sky,0.0,0,74,0,18.88,MX,2020-06-19 01:49:23
472,Halifax,44.65,-63.57,73.4,few clouds,0.0,0,56,20,9.17,CA,2020-06-19 01:44:29
473,Mirabad,30.44,61.84,81.43,clear sky,0.0,0,19,0,13.51,AF,2020-06-19 01:49:23
474,Vilyuysk,63.76,121.62,77.74,clear sky,0.0,0,50,0,1.97,RU,2020-06-19 01:49:23
475,Kampot,10.62,104.18,84.2,few clouds,0.0,0,79,20,2.24,KH,2020-06-19 01:49:23
476,Harper,4.38,-7.72,77.45,broken clouds,0.0,0,85,71,7.2,LR,2020-06-19 01:49:24
477,Hagere Hiywet,8.98,37.85,57.87,light rain,0.16,0,82,97,3.38,ET,2020-06-19 01:49:24
478,Dubbo,-32.25,148.62,59.0,scattered clouds,0.0,0,72,40,10.29,AU,2020-06-19 01:49:24
479,Tchollire,8.4,14.17,71.49,moderate rain,3.11,0,96,100,5.3,CM,2020-06-19 01:49:24
480,Shingu,33.73,135.98,69.8,mist,0.0,0,100,75,4.7,JP,2020-06-19 01:49:24
481,Ketchikan,55.34,-131.65,57.2,moderate rain,2.54,0,100,90,18.34,US,2020-06-19 01:49:24
482,Tombouctou,20.0,-3.0,94.82,few clouds,0.0,0,17,12,11.36,ML,2020-06-19 01:49:25
483,Kholodnyy,62.72,147.95,74.19,broken clouds,0.0,0,29,74,11.77,RU,2020-06-19 01:49:25
484,Grindavik,63.84,-22.43,48.2,broken clouds,0.0,0,93,75,17.22,IS,2020-06-19 01:49:25
485,Martapura,-3.42,114.85,82.83,moderate rain,1.83,0,81,99,4.52,ID,2020-06-19 01:44:47
486,Darlowo,54.42,16.41,57.99,clear sky,0.0,0,10,2,6.73,PL,2020-06-19 01:49:26
487,Totness,5.88,-56.32,78.3,moderate rain,1.44,0,88,98,8.63,SR,2020-06-19 01:49:26
488,Kotelnikovo,47.63,43.15,68.94,scattered clouds,0.0,0,53,40,7.0,RU,2020-06-19 01:49:26
489,Zyryanskoye,56.83,86.63,58.77,broken clouds,0.0,0,89,59,12.48,RU,2020-06-19 01:49:26
490,Farafangana,-22.82,47.83,67.77,light rain,0.26,0,85,41,11.79,MG,2020-06-19 01:49:26
491,Porbandar,21.64,69.61,86.07,light rain,0.11,0,77,16,16.64,IN,2020-06-19 01:49:26
492,Whitianga,-36.83,175.7,62.01,overcast clouds,0.0,0,75,100,1.99,NZ,2020-06-19 01:49:27
493,Buriti,-22.93,-45.39,55.4,overcast clouds,0.0,0,93,99,1.12,BR,2020-06-19 01:49:27
494,Prainha,-1.8,-53.48,75.85,clear sky,0.0,0,85,0,2.37,BR,2020-06-19 01:45:26
495,Los Alamos,35.89,-106.31,80.01,clear sky,0.0,0,10,1,5.82,US,2020-06-19 01:49:27
496,Stokmarknes,68.56,14.91,46.0,few clouds,0.0,0,76,14,13.0,NO,2020-06-19 01:49:28
497,Grand Baie,-20.02,57.58,71.01,broken clouds,0.0,0,71,81,8.99,MU,2020-06-19 01:49:28
498,Kundla,21.33,71.3,83.64,clear sky,0.0,0,76,0,13.42,IN,2020-06-19 01:49:28
499,Beloha,-25.17,45.05,62.83,clear sky,0.0,0,84,7,13.0,MG,2020-06-19 01:49:28
500,Parabel,58.7,81.48,42.42,light rain,0.75,0,90,100,13.22,RU,2020-06-19 01:49:28
501,Salina,38.84,-97.61,89.6,thunderstorm,0.0,0,38,75,21.92,US,2020-06-19 01:47:02
502,Rovaniemi,66.5,25.72,57.2,broken clouds,0.0,0,71,75,13.87,FI,2020-06-19 01:47:12
503,Nagato,34.38,131.2,75.2,broken clouds,0.0,0,78,75,8.05,JP,2020-06-19 01:49:29
504,Albion,42.24,-84.75,77.0,clear sky,0.0,0,64,1,5.79,US,2020-06-19 01:49:29
505,Ruidoso,33.33,-105.67,77.0,clear sky,0.0,0,9,1,13.87,US,2020-06-19 01:49:30
506,Ekhabi,53.51,142.97,40.51,light rain,0.12,0,96,100,9.4,RU,2020-06-19 01:49:30
507,Kruisfontein,-34.0,24.73,54.7,clear sky,0.0,0,44,0,7.07,ZA,2020-06-19 01:49:30
508,Manaure,11.78,-72.44,82.99,clear sky,0.0,0,69,7,22.01,CO,2020-06-19 01:49:30
509,Okhotsk,59.38,143.3,50.68,overcast clouds,0.0,0,81,95,7.63,RU,2020-06-19 01:46:22
510,Palana,59.12,159.97,50.61,broken clouds,0.0,0,86,76,6.11,RU,2020-06-19 01:49:31
511,Puerto Del Rosario,28.5,-13.86,71.6,broken clouds,0.0,0,78,68,14.99,ES,2020-06-19 01:46:25
512,Sangar,63.92,127.47,74.32,broken clouds,0.0,0,42,51,6.64,RU,2020-06-19 01:49:31
513,Englewood,39.65,-104.99,60.01,light rain,0.76,0,67,100,1.01,US,2020-06-19 01:49:31
514,Macomb,40.46,-90.67,78.01,clear sky,0.0,0,53,1,3.36,US,2020-06-19 01:49:32
515,Port Moresby,-9.44,147.18,86.0,haze,0.0,0,66,40,17.22,PG,2020-06-19 01:49:32
516,Pouembout,-21.13,164.9,77.31,scattered clouds,0.0,0,61,45,8.99,NC,2020-06-19 01:49:32
517,Vocklabruck,48.02,13.65,55.0,broken clouds,0.0,0,82,71,5.28,AT,2020-06-19 01:49:32
518,College,64.86,-147.8,75.2,broken clouds,0.0,0,27,75,8.05,US,2020-06-19 01:49:32
519,Pombia,45.65,8.63,59.0,scattered clouds,0.0,0,93,42,5.82,IT,2020-06-19 01:49:33
520,Gimli,50.63,-96.99,57.0,overcast clouds,0.0,0,79,100,5.99,CA,2020-06-19 01:49:33
521,Canon City,38.44,-105.24,73.4,overcast clouds,0.0,0,31,90,13.87,US,2020-06-19 01:49:33
522,Uyemskiy,64.47,40.85,57.2,scattered clouds,0.0,0,82,40,6.71,RU,2020-06-19 01:49:33
523,Rio Gallegos,-51.62,-69.22,35.6,fog,0.0,0,100,75,2.24,AR,2020-06-19 01:49:33
524,Bakel,14.9,-12.46,92.43,clear sky,0.0,0,47,1,21.92,SN,2020-06-19 01:49:34
525,Kamenka,51.32,42.77,63.0,clear sky,0.0,0,90,1,7.0,RU,2020-06-19 01:49:34
526,Horuphav,54.91,9.9,60.8,light rain,0.0,0,87,100,4.7,DK,2020-06-19 01:49:34
527,Mattru,7.62,-11.83,74.1,overcast clouds,0.0,0,97,100,1.36,SL,2020-06-19 01:49:34
528,Henties Bay,-22.12,14.28,72.57,clear sky,0.0,0,32,0,20.49,NA,2020-06-19 01:49:35
529,Goure,13.98,10.27,88.0,scattered clouds,0.0,0,42,42,3.0,NE,2020-06-19 01:49:35
530,Berezovyy,51.67,135.7,53.02,overcast clouds,0.0,0,78,96,4.47,RU,2020-06-19 01:49:35
531,San Policarpo,12.18,125.51,84.42,overcast clouds,0.0,0,66,100,3.04,PH,2020-06-19 01:49:35
532,Ndele,8.41,20.65,70.03,light rain,0.7,0,94,94,2.89,CF,2020-06-19 01:49:35
533,Krasnoselkup,65.7,82.47,49.89,few clouds,0.0,0,48,14,18.48,RU,2020-06-19 01:49:36
534,Hassleholm,56.16,13.77,60.8,clear sky,0.0,0,67,0,4.7,SE,2020-06-19 01:49:36
535,Zhigansk,66.77,123.37,74.95,clear sky,0.0,0,32,0,9.78,RU,2020-06-19 01:49:36
536,Osoyoos,49.03,-119.45,82.4,few clouds,0.0,0,34,20,2.24,CA,2020-06-19 01:49:36
537,Pascagoula,30.37,-88.56,78.8,few clouds,0.0,0,74,20,5.88,US,2020-06-19 01:49:37
538,Dajal,29.56,70.38,95.76,clear sky,0.0,0,28,0,22.62,PK,2020-06-19 01:49:37
539,Korla,41.76,86.15,73.99,overcast clouds,0.0,0,63,90,16.08,CN,2020-06-19 01:49:37
540,Mmabatho,-25.85,25.63,37.4,clear sky,0.0,0,60,0,4.7,ZA,2020-06-19 01:49:37
541,Huangpi,30.88,114.38,75.2,scattered clouds,0.0,0,83,40,2.24,CN,2020-06-19 01:49:37
542,Loknya,56.83,30.15,63.25,clear sky,0.0,0,92,0,2.75,RU,2020-06-19 01:49:37
543,Shenjiamen,29.96,122.3,70.27,light rain,0.34,0,91,100,10.0,CN,2020-06-19 01:49:38
